total_demand,rolling_mean_7,rolling_mean_14,rolling_mean_28,rolling_std_7,rolling_std_28
32631,,,,,
31749,,,,,
23783,,,,,
25412,,,,,
19146,,,,,
29211,,,,,
28010,,,,,
37932,27134.571428571428,,,4736.36931475094,
32736,27891.85714285714,,,6013.298191746118,
25572,28032.85714285714,,,6129.2676677444215,
23071,28288.428571428572,,,5957.416214465878,
23658,27954.0,,,6206.309558290928,
23756,28598.571428571428,,,5308.422799574993,
26445,27819.285714285714,,,5596.137677430917,
34833,27595.714285714286,27365.14285714286,,5618.465707358363,
36380,27153.0,27522.428571428572,,4718.235404611913,
21804,27673.571428571428,27853.214285714286,,5562.390818618162,
24070,27135.285714285714,27711.85714285714,,5967.246090514611,
21443,27278.0,27616.0,,5864.911792459741,
20318,26961.571428571428,27780.071428571428,,6145.799076256422,
23721,26470.428571428572,27144.85714285714,,6567.570348744983,
31689,26081.285714285714,26838.5,,6649.518371388155,
29283,25632.14285714286,26392.571428571428,,6037.913807173563,
23966,24618.285714285714,26145.928571428572,,4269.180238027192,
20501,24927.14285714286,26031.214285714286,,4106.761149964428,
20757,24417.285714285714,25847.64285714286,,4439.01808640476,
20277,24319.285714285714,25640.428571428572,,4522.414130907139,
22529,24313.428571428572,25391.928571428572,,4528.482522035495,
29908,24143.14285714286,25112.214285714286,26238.678571428572,4576.628250454383,5320.795394825654
28707,23888.714285714286,24760.428571428572,26141.428571428572,4113.263858717134,5223.630966692658
21240,23806.428571428572,24212.35714285714,26032.785714285714,3991.3197423551887,5133.540618882283
22872,23417.0,24172.071428571428,25941.964285714286,4104.536311611011,5196.921314280735
22046,23755.714285714286,24086.5,25851.25,3917.358536662416,5228.586542411006
23475,23939.85714285714,24129.571428571428,25954.821428571428,3780.8214023133232,5118.406718628522
23572,24396.714285714286,24355.071428571428,25749.964285714286,3442.533065166103,5098.002924037221
31202,24545.714285714286,24344.428571428572,25591.464285714286,3370.029510963061,5094.123182518975
34876,24730.571428571428,24309.64285714286,25351.10714285714,3729.508897837307,4627.710987961028
24562,25611.85714285714,24709.14285714286,25427.535714285714,5246.2129969649395,4769.686405423805
22752,26086.428571428572,24751.714285714286,25391.464285714286,4925.258770093304,4772.371787712974
22560,26069.285714285714,24912.5,25380.071428571428,4938.502631172255,4778.493330876116
22626,26142.714285714286,25041.285714285714,25340.85714285714,4872.086572653305,4797.61582543513
25572,26021.428571428572,25209.071428571428,25300.5,4959.350994405854,4816.158177696471
32225,26307.14285714286,25426.428571428572,25269.321428571428,4851.148160610076,4811.297900301928
31417,26453.285714285714,25591.928571428572,25176.178571428572,5035.105649811328,4641.545328983149
24935,25959.14285714286,25785.5,24998.928571428572,4165.349862399378,4278.408356945731
24021,26012.428571428572,26049.428571428572,25110.75,4146.842608424831,4232.482037108302
22765,26193.714285714286,26131.5,25109.0,4005.894894372785,4232.938398025831
21779,26223.0,26182.85714285714,25156.214285714286,3975.5369029436397,4197.759917235778
23855,26102.0,26061.714285714286,25208.39285714286,4113.749344170924,4144.130658415726
30599,25856.714285714286,26081.928571428572,25213.178571428572,4200.883943262649,4142.426396257717
29643,25624.428571428572,26038.85714285714,25174.25,3817.5268982742814,4084.0257066064387
23101,25371.0,25665.071428571428,25187.10714285714,3405.5474351906137,4097.982578088572
20492,25109.0,25560.714285714286,25156.214285714286,3513.5171362420733,4110.769373398347
19230,24604.85714285714,25399.285714285714,25155.89285714286,3924.764130007115,4111.147189084509
18854,24099.85714285714,25161.428571428572,25101.35714285714,4399.649244677409,4181.19252184851
23350,23682.0,24892.0,25050.535714285714,4779.328544192516,4250.083855226274
29620,23609.85714285714,24733.285714285714,25079.85714285714,4780.093284604793,4234.848160418381
29866,23470.0,24547.214285714286,25069.571428571428,4550.321050944283,4223.020346453572
21449,23501.85714285714,24436.428571428572,25110.964285714286,4601.237385333481,4265.460719175057
19581,23265.85714285714,24187.428571428572,25118.428571428572,4667.118612469279,4258.613262628448
18928,23135.714285714286,23870.285714285714,25000.89285714286,4768.950014216468,4366.947025260161
21742,23092.571428571428,23596.214285714286,24889.535714285714,4811.34997885704,4483.292172319461
28309,23505.14285714286,23593.571428571428,24827.64285714286,4501.14024178213,4515.3907358449615
33478,24213.571428571428,23911.714285714286,24996.821428571428,4849.4236378200285,4555.168631700424
33058,24764.714285714286,24117.35714285714,25078.10714285714,5709.280681903975,4688.3594883284
24852,25220.714285714286,24361.285714285714,25013.178571428572,6283.248037819446,4558.432325177979
23581,25706.85714285714,24486.35714285714,25023.535714285714,6070.845806765629,4557.6986353344055
22656,26278.285714285714,24707.0,25053.14285714286,5565.345772854422,4545.071182380982
22901,26810.85714285714,24951.714285714286,25056.571428571428,4881.039316531246,4543.1566316707795
24754,26976.428571428572,25240.785714285714,25066.39285714286,4696.612994387298,4538.001920728954
31745,26468.571428571428,25341.071428571428,25037.178571428572,4720.647055123654,4537.259378813924
31536,26221.0,25492.85714285714,25020.035714285714,4320.235718877695,4509.920648740564
24829,26003.571428571428,25612.14285714286,25024.285714285714,3940.396547605452,4516.223872162679
23218,26000.285714285714,25853.571428571428,25020.5,3941.526257440796,4516.345913170005
21611,25948.428571428572,26113.35714285714,24991.821428571428,3980.8525408988667,4525.468046622944
21964,25799.14285714286,26305.0,24950.60714285714,4141.26226443788,4551.678187375352
25482,25665.285714285714,26320.85714285714,24957.214285714286,4263.878973981546,4547.035724327099
29234,25769.285714285714,26118.928571428572,25015.321428571428,4246.791405060443,4542.822577091385
29787,25410.571428571428,25815.785714285714,24966.571428571428,3732.8669883054995,4487.672979672958
22389,25160.714285714286,25582.14285714286,24971.714285714286,3286.361397974248,4493.309609706107
19474,24812.14285714286,25406.214285714286,24946.285714285714,3452.6047861757693,4506.284417197526
20188,24277.285714285714,25112.85714285714,24909.928571428572,3989.0444016199244,4547.471490583745
19768,24074.0,24936.571428571428,24944.14285714286,4179.2892936479075,4506.5740515983625
24279,23760.285714285714,24712.785714285714,24976.785714285714,4438.456440186002,4463.9354863679455
29575,23588.428571428572,24678.85714285714,25009.964285714286,4383.632316437398,4454.839611213877
24018,23637.14285714286,24523.85714285714,25008.35714285714,4458.088956364281,4453.122668123403
20004,22813.0,23986.85714285714,24799.5,3578.108718303571,4352.865624866928
18113,22472.285714285714,23642.214285714286,24747.89285714286,3735.3106392144414,4402.344723232077
17929,22277.85714285714,23277.571428571428,24695.464285714286,3946.819623805624,4474.3106688785265
18145,21955.14285714286,23014.571428571428,24659.785714285714,4228.481895770297,4525.692346110174
22735,21723.285714285714,22741.785714285714,24531.321428571428,4409.037034481406,4660.6228168567
28101,21502.714285714286,22545.571428571428,24332.25,4297.072131668484,4612.078455092229
29045,21292.14285714286,22464.64285714286,24140.214285714286,3848.2500104407413,4319.852469678606
22837,22010.285714285714,22411.64285714286,23996.89285714286,4794.450984012169,4072.5151782386415
24080,22415.0,22443.64285714286,23924.928571428572,4715.794029994667,4074.647868708196
20761,23267.428571428572,22772.64285714286,23942.75,4332.259989779886,4074.1791231827015
21184,23672.0,22813.571428571428,23875.071428571428,3856.779269459601,4111.910504219296
24486,24106.14285714286,22914.714285714286,23813.75,3255.035403216142,4139.684087293688
28412,24356.285714285714,22929.5,23804.178571428572,3198.9006296062453,4137.738969744952
23688,24400.714285714286,22846.428571428572,23685.14285714286,3261.132406301309,3944.2526843617943
25024,23635.428571428572,22822.85714285714,23404.85714285714,2538.0059007774103,3632.195833298165
22231,23947.85714285714,23181.428571428572,23411.821428571428,2557.8703660513775,3635.213275658498
22165,23683.714285714286,23475.571428571428,23376.571428571428,2636.220192768788,3641.941489030787
22413,23884.285714285714,23778.14285714286,23396.35714285714,2421.4518175594376,3633.4894075987418
25648,24059.85714285714,24083.0,23412.39285714286,2230.019987098129,3627.9203647930867
28736,24225.85714285714,24291.071428571428,23418.321428571428,2308.882949867851,3631.56148492395
31320,24272.14285714286,24336.428571428572,23400.535714285714,2407.912057403773,3603.132273989176
22213,25362.428571428572,24498.928571428572,23455.285714285714,3554.299033430866,3713.719487772658
19613,24960.85714285714,24454.35714285714,23449.0,3752.1948878210546,3715.7394857451864
18770,24586.85714285714,24135.285714285714,23453.964285714286,4176.164964357106,3710.3210351480925
18684,24101.85714285714,23993.071428571428,23403.321428571428,4672.008541251162,3765.8121258144565
21649,23569.14285714286,23814.5,23364.60714285714,5090.521074460238,3809.8832133290293
27112,22997.85714285714,23611.85714285714,23270.678571428572,5042.505310807697,3818.9141083469262
26246,22765.85714285714,23519.0,23182.714285714286,4764.176718964552,3694.668128805423
20954,22041.0,23701.714285714286,23262.285714285714,3450.7097820593435,3737.0724911664192
19203,21861.14285714286,23411.0,23296.214285714286,3472.9894149263578,3710.61398889768
19058,21802.571428571428,23194.714285714286,23335.14285714286,3520.3573614593447,3659.5890147137743
20480,21843.714285714286,22972.785714285714,23375.464285714286,3480.4652329961987,3603.609430085779
22481,22100.285714285714,22834.714285714286,23458.85714285714,3268.4591025071654,3503.7189735340676
25527,22219.14285714286,22608.5,23449.785714285714,3264.438309447816,3505.9905913243692
23449,21992.714285714286,22379.285714285714,23357.85714285714,2903.5129133680944,3412.002732341025
22538,21593.14285714286,21817.071428571428,23158.0,2362.7332638684634,3225.327453947143
19555,21819.428571428572,21840.285714285714,23147.321428571428,2367.1665803334718,3226.924175371628
23165,21869.714285714286,21836.14285714286,22985.714285714286,2305.251375612202,3291.153584283768
22681,22456.428571428572,22150.071428571428,23071.571428571428,1968.3959507801403,3262.196890174553
26781,22770.85714285714,22435.571428571428,23125.035714285714,1765.389515902134,3242.322298533277
30310,23385.14285714286,22802.14285714286,23207.0,2311.3993184916844,3306.3765441721584
31604,24068.428571428572,23030.571428571428,23274.785714285714,3467.788433432411,3434.0308067940446
26685,25233.428571428572,23413.285714285714,23557.5,4454.471717916082,3777.939978544055
25089,25825.85714285714,23822.64285714286,23616.821428571428,4309.656460731384,3814.681793957841
24453,26616.428571428572,24243.071428571428,23718.89285714286,3373.5026237400325,3814.4637634810515
24782,26800.428571428572,24628.428571428572,23800.60714285714,3183.661197277051,3804.4368867326803
26419,27100.571428571428,24935.714285714286,23885.214285714286,2807.369875710634,3798.772826771556
29940,27048.85714285714,25217.0,23912.75,2817.553514935206,3814.7843551013334
31094,26996.0,25532.214285714286,23955.75,2748.8101668418753,3877.4365398250347
25752,26923.14285714286,26078.285714285714,23947.678571428572,2609.550627251827,3861.7425164331557
24155,26789.85714285714,26307.85714285714,24074.071428571428,2647.295313369932,3860.779300804926
25258,26656.428571428572,26636.428571428572,24236.285714285714,2768.09109057383,3760.5174373781806
22706,26771.428571428572,26785.928571428572,24468.0,2676.4995707791327,3608.018467144981
24712,26474.85714285714,26787.714285714286,24611.64285714286,3025.8910769430786,3445.6240762933253
28825,26231.0,26639.928571428572,24721.035714285714,3099.04237897235,3396.3516971198756
26106,26071.714285714286,26533.85714285714,24782.214285714286,2898.81968591158,3455.9210848880075
24261,25359.14285714286,26141.14285714286,24777.214285714286,1899.2300570293612,3453.825494285069
21810,25146.14285714286,25968.0,24895.321428571428,1931.1674731943244,3373.8620254733546
21401,24811.14285714286,25733.785714285714,24988.428571428572,2299.9404650679735,3244.44521798207
22780,24260.14285714286,25515.785714285714,25072.10714285714,2615.420388680136,3113.394424088769
24638,24270.714285714286,25372.785714285714,25154.25,2608.231310951641,3016.586550501512
26482,24260.14285714286,25245.571428571428,25231.285714285714,2606.2938839516455,2973.0177443023194
27668,23925.428571428572,24998.571428571428,25265.39285714286,2002.9602972552643,2982.0003147189755
22642,24148.571428571428,24753.85714285714,25416.071428571428,2344.3015916005556,2993.389778341488
19800,23917.285714285714,24531.714285714286,25419.785714285714,2410.2961584478608,2989.7486250970637
19930,23630.14285714286,24220.64285714286,25428.535714285714,2792.591295348657,2972.2559767405264
21451,23420.0,23840.071428571428,25313.0,3033.2671055041096,3122.574875299517
31033,23230.14285714286,23750.428571428572,25269.071428571428,3120.3444483246435,3169.276011828787
33001,24143.714285714286,24201.928571428572,25420.928571428572,4310.443237622072,3341.58772340746
29173,25075.0,24500.214285714286,25517.035714285714,5452.71192466036,3521.2764360978435
23033,25290.0,24719.285714285714,25430.214285714286,5599.6842768141805,3393.279560337332
26596,25345.85714285714,24631.571428571428,25299.785714285714,5570.743350414775,3413.389597595546
26602,26316.714285714286,24973.428571428572,25353.60714285714,5006.786551414842,3421.813482148566
26727,27269.85714285714,25344.928571428572,25430.35714285714,4150.087727127838,3424.964224893288
27679,28023.571428571428,25626.85714285714,25499.821428571428,3311.5547132800907,3431.045980817907
32486,27544.428571428572,25844.071428571428,25544.821428571428,3034.616716992046,3451.7483283818233
31539,27470.85714285714,26272.928571428572,25635.75,2882.7203256976636,3602.078398235799
26592,27808.85714285714,26549.428571428572,25651.64285714286,3232.9874434528474,3627.9417306591545
24632,28317.285714285714,26831.571428571428,25681.64285714286,2568.25749710354,3632.2727933764263
23445,28036.714285714286,27176.714285714286,25698.678571428572,2876.431337281529,3625.9606037937715
23447,27585.714285714286,27427.785714285714,25633.928571428572,3347.7547557671946,3650.2278764844928
27349,27117.14285714286,27570.35714285714,25660.39285714286,3699.085987491653,3630.848776794075
30869,27070.0,27307.214285714286,25754.571428571428,3692.8295384433814,3639.5273037454926
30334,26839.0,27154.928571428572,25827.571428571428,3330.3592899265313,3722.936559268579
24639,26666.85714285714,27237.85714285714,25978.571428571428,3067.7176873897242,3819.147068134752
21931,26387.85714285714,27352.571428571428,25992.071428571428,3162.9908013656554,3813.5148259895714
22487,26002.0,27019.35714285714,25996.39285714286,3553.5289033109884,3808.665707249281
22778,25865.14285714286,26725.428571428572,26035.178571428572,3684.455474402842,3765.4192236581207
26356,25769.571428571428,26443.35714285714,26035.10714285714,3765.420997141516,3765.483278601634
30284,25627.714285714286,26348.85714285714,26096.464285714286,3714.3597794813154,3755.8595650997477
28799,25544.14285714286,26191.571428571428,26232.25,3580.964554817187,3838.1397367590507
22895,25324.85714285714,25995.85714285714,26272.64285714286,3272.4761994841733,3859.7001055473015
21195,25075.714285714286,25731.785714285714,26281.678571428572,3397.398598647962,3851.172549233311
20504,24970.571428571428,25486.285714285714,26331.5,3520.1144326637327,3772.4338886777577
21243,24687.285714285714,25276.214285714286,26352.0,3820.288196558185,3737.758974057596
24542,24468.0,25118.785714285714,26344.571428571428,3988.498882202829,3748.052693694279
28953,24208.85714285714,24918.285714285714,26112.75,3903.4084861212878,3646.695212411117
28677,24018.714285714286,24781.428571428572,25968.178571428572,3576.9176075817627,3437.754586435859
26607,24001.285714285714,24663.071428571428,25950.464285714286,3549.939094044916,3421.8701566610553
25475,24531.571428571428,24803.64285714286,26078.10714285714,3633.406659373656,3375.354690160943
27237,25143.0,25056.785714285714,26038.071428571428,3325.414710979653,3375.632538020981
23713,26104.85714285714,25396.071428571428,26060.75,2668.91453769575,3381.6891420861916
26594,26457.714285714286,25462.85714285714,25953.10714285714,1997.9321571969908,3407.5666601918047
31959,26750.85714285714,25479.85714285714,25914.35714285714,1811.881198144734,3393.352861920284
32006,27180.285714285714,25599.5,25895.535714285714,2603.905317933398,3356.8177002558923
26354,27655.85714285714,25828.571428571428,25912.214285714286,3166.1260465839123,3386.9213197910226
26213,27619.714285714286,26075.64285714286,25903.714285714286,3181.501517328231,3385.4504362174007
24578,27725.14285714286,26434.071428571428,25960.178571428572,3110.0094013025755,3376.627432629043
24708,27345.285714285714,26725.071428571428,26000.64285714286,3333.8950050596713,3352.069534484793
28544,27487.428571428572,26972.571428571428,26045.678571428572,3170.422677243663,3324.8505291223587
33003,27766.0,27258.428571428572,26088.35714285714,3164.500855848612,3349.7761142907675
33909,27915.14285714286,27547.714285714286,26164.571428571428,3410.122403891647,3484.155133559488
28511,28187.0,27921.428571428572,26292.25,3839.433031060699,3701.3395335462724
25266,28495.14285714286,28057.428571428572,26430.535714285714,3753.396214477909,3709.6064529427154
23681,28359.85714285714,28042.5,26549.64285714286,3864.7762086383595,3612.0424120216726
23376,28231.714285714286,27788.5,26592.285714285714,4022.712340129296,3569.096211535313
27004,28041.428571428572,27764.428571428572,26613.64285714286,4242.664762353282,3547.1482360433665
32258,27821.428571428572,27793.714285714286,26636.785714285714,4252.177985344399,3547.518896743368
33973,27715.0,27815.071428571428,26707.285714285714,4107.742689117702,3641.0659291653947
25324,27724.14285714286,27955.571428571428,26892.071428571428,4123.866366593824,3874.9337096224262
22617,27268.85714285714,27882.0,26978.821428571428,4197.780938725094,3808.759670311379
21935,26890.428571428572,27625.14285714286,27029.60714285714,4515.788408725642,3737.597934693958
21414,26641.0,27436.35714285714,27080.714285714286,4764.004058212648,3653.9099996735354
24268,26360.714285714286,27201.071428571428,27086.821428571428,5037.952484700023,3643.920721721378
30383,25969.85714285714,26895.64285714286,27077.035714285714,5085.634061700045,3651.36823144971
30626,25702.0,26708.5,27128.10714285714,4736.646141170623,3688.391974623302
22085,25223.85714285714,26474.0,27197.714285714286,3848.179025139512,3736.7785478061037
20350,24761.14285714286,26015.0,27036.214285714286,4024.8096198690364,3858.9745169865137
21723,24437.285714285714,25663.85714285714,26853.178571428572,4307.381327995207,4052.459198995565
26299,24407.0,25524.0,26656.25,4328.600543670727,4165.515570997447
29208,25104.85714285714,25732.785714285714,26748.60714285714,4155.985219277976,4126.325199831185
34032,25810.571428571428,25890.214285714286,26841.964285714286,4402.319496853998,4152.187219090792
26925,26331.85714285714,26016.928571428572,26916.0,5181.137501507146,4263.787518158001
30158,25803.14285714286,25513.5,26734.535714285714,4848.032227222749,4145.621648260857
26134,26956.428571428572,25858.785714285714,26870.39285714286,4775.810886022136,4194.729182440879
24445,27782.714285714286,26110.0,26867.571428571428,3853.6232177993024,4195.2142701519715
24048,28171.571428571428,26289.285714285714,26862.821428571428,3226.561681684428,4197.977017684263
28246,27850.0,26477.428571428572,26839.25,3541.1312222696974,4212.352669145738
33030,27712.571428571428,26761.571428571428,26828.60714285714,3498.04964025873,4208.26042479669
34632,27569.428571428572,26950.64285714286,26829.571428571428,3204.5422895811853,4209.730469322068
26138,28670.428571428572,27236.785714285714,26855.39285714286,4135.089029962265,4256.71730883723
24645,28096.14285714286,27526.285714285714,26770.64285714286,4173.037759577201,4246.1435506716
23505,27883.428571428572,27833.071428571428,26748.464285714286,4324.91070648257,4255.904312504656
26343,27749.14285714286,27960.35714285714,26742.178571428572,4461.889227243368,4260.729802324088
26933,28077.0,27963.5,26848.14285714286,4222.500838760519,4210.511042390841
32195,27889.428571428572,27801.0,26845.60714285714,4242.856225749454,4210.435082112987
32034,27770.14285714286,27669.785714285714,26843.35714285714,4082.969525095318,4207.451425430182
24367,27399.0,28034.714285714286,26774.10714285714,3419.429923247431,4100.353068260281
22675,27146.0,27621.071428571428,26739.928571428572,3589.564643983063,4116.843531320523
21796,26864.571428571428,27374.0,26742.0,3883.5179866174003,4114.706244858976
21859,26620.428571428572,27184.785714285714,26737.035714285714,4172.863279857233,4120.799899715107
26706,25979.85714285714,27028.428571428572,26752.928571428572,4549.700372133351,4100.317195756942
32466,25947.428571428572,26918.428571428572,26840.0,4542.577860537725,4071.3783360866287
33228,25986.14285714286,26878.14285714286,26914.39285714286,4605.4173690184725,4156.651736044515
24090,26156.714285714286,26777.85714285714,27007.321428571428,4880.633009295871,4270.2378982525
22788,26117.14285714286,26631.571428571428,27078.928571428572,4898.651869939017,4200.886590097038
22193,26133.285714285714,26498.928571428572,27166.0,4885.586990126686,4079.771271729532
22383,26190.0,26405.214285714286,27182.785714285714,4828.820594444697,4057.4531270622033
30182,26264.85714285714,26122.35714285714,27042.928571428572,4753.972248852221,4155.3543498102235
39312,26761.428571428572,26354.428571428572,27077.714285714286,4983.720693656585,4178.164304138951
37214,27739.428571428572,26862.785714285714,27266.285714285714,6674.630473095939,4601.37072055018
30455,28308.85714285714,27232.785714285714,27633.75,7356.14818657544,4969.23960667208
26114,29218.14285714286,27667.64285714286,27644.35714285714,7137.892626178764,4975.140811067267
25913,29693.285714285714,27913.285714285714,27643.64285714286,6738.022798870251,4975.367116283875
26066,30224.714285714286,28207.35714285714,27696.071428571428,6170.697791829973,4948.072381342584
29985,30750.85714285714,28507.85714285714,27768.14285714286,5512.55695143889,4907.498478060822
35930,30722.714285714286,28742.071428571428,27830.25,5516.446613364016,4924.743720536424
35940,30239.571428571428,28989.5,27933.821428571428,4730.98132375455,5066.60055551584
29401,30057.571428571428,29183.214285714286,27980.535714285714,4433.085263378206,5136.197285369087
27427,29907.0,29562.571428571428,28097.071428571428,4435.235882490738,5129.856809268447
27414,30094.571428571428,29893.928571428572,28196.428571428572,4272.882979017916,5087.2841508752
26116,30309.0,30266.85714285714,28336.035714285714,4060.444146477913,5006.770930133051
29885,30316.14285714286,30533.5,28327.928571428572,4051.770865048667,5010.30019007933
38426,30301.85714285714,30512.285714285714,28433.35714285714,4053.3089950710505,5010.91895330724
36127,30658.428571428572,30449.0,28655.89285714286,4690.621595522394,5313.392132250186
27592,30685.14285714286,30371.35714285714,28802.071428571428,4726.113040987337,5463.9396852086375
24202,30426.714285714286,30166.85714285714,28917.25,4855.716209248847,5400.610936805273
22441,29966.0,30030.285714285714,28971.785714285714,5318.691223725382,5342.64042334141
22402,29255.571428571428,29782.285714285714,28994.821428571428,6004.31536083682,5311.856703036883
27130,28725.0,29520.571428571428,29014.214285714286,6473.726489948945,5285.767055006146
33151,28331.428571428572,29316.64285714286,29029.35714285714,6475.195540345811,5279.513131412961
32876,27577.85714285714,29118.14285714286,29053.821428571428,5305.9989768993655,5297.583859148336
24516,27113.428571428572,28899.285714285714,29041.25,4516.5319976409155,5287.719928882039
22437,26674.0,28550.35714285714,29056.464285714286,4610.861994609388,5273.539976862423
22142,26421.85714285714,28193.928571428572,29043.928571428572,4812.4256333153235,5289.385975206289
22982,26379.14285714286,27817.35714285714,29042.10714285714,4854.788441273597,5291.840716922648
26880,26462.0,27593.5,29063.5,4779.97004872066,5265.066518520392
33219,26426.285714285714,27378.85714285714,28945.571428571428,4775.078593220062,5276.05428066152
31853,26436.0,27006.928571428572,28727.964285714286,4791.08161065953,4948.122303663336
22695,26289.85714285714,26701.64285714286,28536.5,4572.518686988284,4705.364523211381
26039,26029.714285714286,26351.85714285714,28259.35714285714,4739.027175637261,4815.423309066671
24808,26544.285714285714,26483.071428571428,28256.678571428572,4471.93610994483,4816.681553637671
27902,26925.14285714286,26652.14285714286,28217.214285714286,4135.385489027241,4841.060178936493
28596,27628.0,27045.0,28282.785714285714,3754.026638158013,4823.244515477588
36887,27873.14285714286,27149.714285714286,28233.178571428572,3753.0687634064348,4812.219138921799
37887,28397.14285714286,27416.571428571428,28267.35714285714,4748.026798175265,4871.938120800594
27278,29259.14285714286,27774.5,28336.89285714286,5890.326573531994,4997.7727731259365
25188,29913.85714285714,27971.785714285714,28261.071428571428,5260.102705859507,4997.135267690665
26092,29792.285714285714,28168.285714285714,28181.10714285714,5373.202543309586,5028.7904321335
26147,29975.714285714286,28450.428571428572,28133.89285714286,5193.6069904670885,5042.446843872565
29755,29725.0,28676.5,28135.0,5350.390639943968,5041.990759096528
35922,29890.571428571428,28881.85714285714,28130.35714285714,5327.514143799243,5040.379205416146
35348,29752.714285714286,29074.928571428572,28040.928571428572,5124.931339842054,4870.287526142739
26773,29390.0,29324.571428571428,28013.10714285714,4505.722546569715,4824.393973372969
26701,29317.85714285714,29615.85714285714,27983.85714285714,4549.009541595161,4829.521728596331
23928,29534.0,29663.14285714286,28073.10714285714,4351.7453203666855,4779.879925187066
23114,29224.85714285714,29600.285714285714,28126.214285714286,4699.94700071435,4722.90760535046
26507,28791.571428571428,29258.285714285714,28151.64285714286,5149.307812937672,4692.766997193346
33545,28327.571428571428,29109.071428571428,28129.39285714286,5194.167012368868,4699.262789616364
32753,27988.0,28870.35714285714,28143.464285714286,4665.748957384367,4715.418480169247
25574,27617.285714285714,28503.64285714286,28139.071428571428,4045.3450909362314,4710.901517312803
25654,27446.0,28381.928571428572,28176.85714285714,4111.887806510933,4684.9363860994845
30787,27296.428571428572,28415.214285714286,28291.75,4162.23829436129,4577.166434030422
18427,28276.285714285714,28750.571428571428,28600.5,4042.7363552543493,4436.3812538632865
23998,27606.714285714286,28199.14285714286,28437.821428571428,5248.543566688623,4724.214542228713
25292,27248.285714285714,27787.928571428572,28334.89285714286,5419.062148695892,4790.345416597577
27134,26069.285714285714,27028.64285714286,28051.785714285714,4666.289807912547,4724.798850173744
22378,25266.571428571428,26441.928571428572,27883.25,3710.271591907284,4668.009065853326
21584,24810.0,26128.0,27871.928571428572,3859.767307321334,4681.4234296891245
21089,24228.571428571428,25762.5,27712.821428571428,4014.8712663937545,4819.690247105335
26268,22843.14285714286,25559.714285714286,27580.0,2890.305198911876,4952.131004071019
29727,23963.285714285714,25785.0,27521.64285714286,2365.2862204734975,4957.820400839877
38129,24781.714285714286,26015.0,27562.035714285714,3217.0870216333615,4971.486166367246
35078,26615.571428571428,26342.428571428572,27606.39285714286,6006.19560279613,5062.475974075846
29220,27750.428571428572,26508.5,27506.071428571428,6816.3398990255455,4875.585920562064
27267,28727.85714285714,26768.928571428572,27575.428571428572,6395.10259048728,4886.023039534003
25453,29539.714285714286,26884.14285714286,27649.678571428572,5654.9336487202545,4864.146676741677
26347,30163.14285714286,26503.14285714286,27626.85714285714,4733.491784738882,4873.2161766908985
29438,30174.428571428572,27068.85714285714,27634.0,4722.739030730045,4871.112877635523
34786,30133.14285714286,27457.428571428572,27622.678571428572,4728.561917700118,4866.366749157069
35743,29655.571428571428,28135.571428571428,27582.10714285714,3878.8875921301133,4798.87923905761
29151,29750.571428571428,28750.5,27596.214285714286,4038.6774591501635,4823.07355790615
26913,29740.714285714286,29234.285714285714,27681.14285714286,4040.2721325130938,4828.974116297681
26794,29690.14285714286,29614.928571428572,27688.714285714286,4078.4310066728444,4827.546404304596
29644,29881.714285714286,30022.428571428572,27791.071428571428,3872.5306848057267,4774.952789594583
28885,30352.714285714286,30263.571428571428,28024.285714285714,3558.7539820507295,4696.886911144935
34159,30273.714285714286,30203.428571428572,28109.214285714286,3588.457779895878,4689.92960823067
32087,30184.14285714286,29919.85714285714,28131.14285714286,3462.6756720091216,4717.640454752504
27068,29661.85714285714,29706.214285714286,28107.35714285714,2669.3080519472596,4695.0996929760795
26262,29364.285714285714,29552.5,28160.714285714286,2846.006307927284,4673.683612305871
26662,29271.285714285714,29480.714285714286,28182.428571428572,2948.257774476629,4663.006091516905
28182,29252.428571428572,29567.071428571428,28035.10714285714,2967.1052591789867,4642.788540579857
34646,29043.571428571428,29698.14285714286,28383.5,2986.3417340252486,4243.973456998013
29958,29866.571428571428,30070.14285714286,28763.785714285714,3654.4534409923676,4312.953798836644
13,29266.428571428572,29725.285714285714,28930.428571428572,3140.9233173884186,4263.704261759485
28032,24684.428571428572,27173.14285714286,27961.821428571428,11254.901063642486,6932.368052749581
24651,24822.14285714286,27093.214285714286,28163.75,11294.754334477147,6845.498069832028
24791,24592.0,26931.64285714286,28273.285714285714,11276.924772886143,6760.323079377648
24541,24324.714285714286,26788.571428571428,28405.5,11241.802965039093,6649.912377590368
33652,23804.571428571428,26424.071428571428,28343.821428571428,11117.127099767311,6678.420111759472
33751,23662.571428571428,26764.571428571428,28484.0,10960.818230666635,6749.34385288262
21807,24204.428571428572,26735.428571428572,28327.64285714286,11408.519650640366,6565.846193606365
33053,27317.85714285714,26001.14285714286,27853.678571428572,4718.656391692132,6539.454502414815
28751,28035.14285714286,26428.64285714286,27990.571428571428,5202.157899326364,6608.865983457491
25821,28620.85714285714,26606.428571428572,28043.571428571428,4983.861970686692,6608.798856679047
28499,28768.0,26546.35714285714,28056.714285714286,4865.749651047263,6603.820245984122
30405,29333.428571428572,26569.0,28133.571428571428,4509.6190473676215,6595.702941385796
37143,28869.571428571428,26266.071428571428,28168.10714285714,4143.509899314129,6605.310671131924
36722,29354.14285714286,26779.285714285714,28252.285714285714,4932.708094227454,6707.009246039174
28206,31484.85714285714,29401.35714285714,28287.25,4311.535010046547,6749.919893214643
26640,30792.428571428572,29413.785714285714,28253.5,4405.898238238623,6747.803332553103
29044,30490.85714285714,29555.85714285714,28243.75,4635.195983938946,6750.008848416694
24715,30951.285714285714,29859.64285714286,28324.10714285714,4236.982405528943,6745.502058789415
29463,30410.714285714286,29872.071428571428,28148.071428571428,4805.277505489337,6774.036500730378
36815,30276.14285714286,29572.85714285714,28168.714285714286,4818.635955972437,6777.245277026169
36459,30229.285714285714,29791.714285714286,28263.571428571428,4741.7133230611025,6881.971183104396
30548,30191.714285714286,30838.285714285714,28419.714285714286,4682.363922717011,7020.143044111588
22187,30526.285714285714,30659.35714285714,28544.0,4599.77360726538,7026.128431842155
25348,29890.14285714286,30190.5,28398.464285714286,5455.199795564205,7116.766449897095
24034,29362.14285714286,30156.714285714286,28351.535714285714,5723.035978353076,7132.954836698527
27204,29264.85714285714,29837.785714285714,28203.39285714286,5820.162696138635,7179.5287235165315
38578,28942.14285714286,29609.14285714286,27937.60714285714,5869.761818806938,7069.092101270386
32587,29194.0,29711.64285714286,28245.464285714286,6286.870737232205,7342.741311093573
24702,28640.85714285714,29416.285714285714,29408.821428571428,5682.413173660501,4867.15996779604
23549,27805.714285714286,29166.0,29289.89285714286,5784.088424701152,4942.154818230045
22408,28000.285714285714,28945.214285714286,29250.535714285714,5582.991035704952,4984.67019215947
23237,27580.285714285714,28471.214285714286,29165.428571428572,5916.403375764861,5083.004808535778
27199,27466.428571428572,28365.64285714286,29118.85714285714,6003.057800186576,5132.674991797992
34362,27465.714285714286,28203.928571428572,28888.39285714286,6003.094527388507,5066.033588659724
33577,26863.428571428572,28028.714285714286,28910.214285714286,4791.650545728568,5089.018295471157
25188,27004.85714285714,27822.85714285714,29330.571428571428,4998.870653410003,4965.154605243244
25124,27074.285714285714,27440.0,29049.678571428572,4964.814924858245,4969.237694378028
29851,27299.285714285714,27649.785714285714,28920.14285714286,4811.755109946388,5024.280473374493
28615,28362.571428571428,27971.428571428572,29064.071428571428,4351.062278614372,4989.817119253754
35104,29130.85714285714,28298.64285714286,29068.214285714286,3724.935231140324,4989.378721489778
43029,30260.14285714286,28862.928571428572,29236.035714285714,4208.5273524346285,5113.491309178844
40075,31498.285714285714,29180.85714285714,29446.25,6347.67295193773,5552.706644811454
30681,32426.571428571428,29715.714285714286,29566.0,7129.337109370518,5748.1434877319725
28108,33211.28571428572,30142.785714285714,29654.39285714286,6471.789466968304,5745.484535150254
28579,33637.57142857143,30468.428571428572,29706.821428571428,5925.533052171841,5723.615149041605
29927,33455.857142857145,30909.214285714286,29690.214285714286,6078.535087463409,5726.283542721243
29863,33643.28571428572,31387.071428571428,29876.35714285714,5922.619935869758,5642.667678890142
41757,32894.57142857143,31577.35714285714,29890.64285714286,6037.347978959602,5642.088726797739
41904,32712.85714285714,32105.571428571428,30067.14285714286,5690.668983185583,5936.350379710395
31675,32974.142857142855,32700.35714285714,30261.60714285714,6111.46939310483,6235.155404159634
25100,33116.142857142855,33163.71428571428,30301.85714285714,6060.644476966988,6240.707745442105
26878,32686.428571428572,33162.0,30405.89285714286,6560.906183781392,6123.60052244311
25195,32443.428571428572,32949.642857142855,30460.535714285714,6766.664241144295,6083.490698008114
27604,31767.428571428572,32705.35714285714,30502.0,7277.075210484467,6041.880256760883
36622,31444.714285714286,32169.64285714286,30516.285714285714,7424.208368894411,6034.261579036222
36338,30711.14285714286,31712.0,30446.428571428572,6421.4144451351485,5948.184643255829
30218,29916.0,31445.071428571428,30580.39285714286,4989.373474361937,6039.715417255063
25190,29707.85714285714,31412.0,30777.39285714286,4933.844762744058,5929.835288070884
24115,29720.714285714286,31203.571428571428,30836.0,4919.933492581826,5863.486126491259
25211,29326.0,30884.714285714286,30896.964285714286,5283.415656561559,5780.904930328122
27870,29328.285714285714,30547.85714285714,30967.464285714286,5281.333692489841,5695.434295424009
35769,29366.285714285714,30405.5,30991.428571428572,5267.799056984019,5680.382488612112
36281,29244.428571428572,29977.785714285714,31041.678571428572,5078.4455908326345,5717.406353529157
27270,29236.285714285714,29576.14285714286,31138.25,5065.204428723654,5784.261408883264
24359,28815.14285714286,29261.5,31212.60714285714,5092.457868540194,5717.939387571978
24802,28696.428571428572,29208.571428571428,31185.285714285714,5199.609916687412,5749.848067926032
30232,28794.571428571428,29060.285714285714,31004.964285714286,5104.333481044717,5871.134349870792
32543,29511.85714285714,29420.071428571428,31062.714285714286,4863.94981568721,5854.684935427492
41319,30179.428571428572,29772.85714285714,30971.25,4921.392379437025,5809.038548771305
40325,30972.285714285714,30108.35714285714,30910.178571428572,6241.888114833135,5685.24810399407
32703,31550.0,30393.14285714286,30919.10714285714,6960.861345168902,5700.350608705506
31532,32326.14285714286,30570.64285714286,30991.321428571428,6702.1858232612285,5710.021995505215
28608,33350.857142857145,31023.64285714286,31113.60714285714,5763.690814879286,5682.584071427003
29759,33894.57142857143,31344.571428571428,31114.64285714286,4944.0730461547955,5682.107624192802
32322,33827.0,31669.428571428572,31108.64285714286,5005.32566373059,5683.496688524198
39559,33795.42857142857,31987.428571428572,31196.464285714286,5015.461123936098,5682.534290406009
40612,33544.0,32258.14285714286,31117.964285714286,4602.557549884635,5544.756739025929
32501,33585.0,32567.5,31071.821428571428,4673.7585160838935,5456.343125231812
29100,33556.142857142855,32941.142857142855,31101.321428571428,4680.730264555293,5461.955043101056
27841,33208.71428571428,33279.78571428572,31244.178571428572,4939.1383092696715,5350.346918856412
30752,33099.142857142855,33496.857142857145,31278.571428571428,5065.11380025403,5324.272570231196
30951,33241.0,33534.0,31477.035714285714,4968.969175459503,5191.008204950396
37904,33045.142857142855,33420.28571428572,31596.571428571428,5037.773100242192,5136.771968266467
37694,32808.71428571428,33176.357142857145,31642.35714285714,4709.24295806611,5188.675469422233
29187,32391.85714285714,32988.42857142857,31690.785714285714,3975.344321714845,5240.1978500755495
25533,31918.428571428572,32737.285714285714,31653.964285714286,4153.5211911960005,5254.532671063122
26227,31408.85714285714,32308.785714285714,31666.214285714286,4735.028103702984,5239.282657692336
26015,31178.285714285714,32138.714285714286,31741.64285714286,4971.1307135729685,5140.821178201327
29055,30501.571428571428,31871.285714285714,31770.35714285714,5347.040423048451,5105.114358020347
37089,30230.714285714286,31637.928571428572,31812.678571428572,5368.45858430783,5076.413972361096
37843,30114.285714285714,31461.5,31859.821428571428,5179.8321309441835,5120.45385758644
27182,30135.571428571428,31263.714285714286,31915.60714285714,5216.348494785167,5178.583950158178
24649,29849.14285714286,30883.785714285714,31912.464285714286,5330.904502007482,5181.5336317016145
24783,29722.85714285714,30565.85714285714,31922.821428571428,5459.121065659163,5166.143120811588
23879,29516.571428571428,30347.428571428572,31922.14285714286,5637.601613486072,5167.114236630678
30732,29211.428571428572,29856.5,31695.25,5909.945511794566,5379.208916264056
38463,29451.0,29840.85714285714,31630.571428571428,5936.478220853376,5379.525756521597
39783,29647.285714285714,29880.785714285714,31528.571428571428,6245.772509313404,5213.53704083805
31359,29924.428571428572,30030.0,31509.214285714286,6696.8071958992105,5180.569440723541
33033,30521.14285714286,30185.14285714286,31461.214285714286,6597.069612804638,5175.322572570586
28318,31718.85714285714,30720.85714285714,31514.821428571428,6095.267192080843,5183.849763866477
31368,32223.85714285714,30870.214285714286,31504.464285714286,5546.594042851023,5190.158453887023
37545,33293.71428571428,31252.571428571428,31561.928571428572,4236.191753382823,5179.012582340598
45638,34267.0,31859.0,31748.464285714286,4331.127220482001,5300.048165274793
36210,35292.0,32469.64285714286,31965.571428571428,6012.35988055718,5738.236678622979
31993,34781.57142857143,32353.0,31808.35714285714,5711.694286203332,5549.778488834683
28800,34872.142857142855,32696.64285714286,31790.214285714286,5653.102730022749,5548.260443813074
29575,34267.42857142857,32993.142857142855,31779.5,6091.9911867178325,5553.93471133553
28568,34447.0,33335.42857142857,31841.428571428572,5902.988000439564,5517.943138180238
31938,34047.0,33670.357142857145,31763.428571428572,6232.09440450534,5549.260654314565
38546,33246.0,33756.5,31798.678571428572,6065.6776757973785,5547.043176681443
38707,32232.85714285714,33762.42857142857,31821.60714285714,3831.835958065497,5574.473078166783
27672,32589.571428571428,33685.57142857143,31857.785714285714,4345.571418396078,5617.1207884805945
26067,31972.285714285714,33422.21428571428,31803.678571428572,4733.977633882012,5650.994583411484
24699,31581.85714285714,32924.642857142855,31822.75,5134.933087151541,5629.9097461682195
24824,30885.285714285714,32666.14285714286,31768.178571428572,5746.810585425771,5693.208664088912
28143,30350.428571428572,32198.714285714286,31725.64285714286,6157.946867182873,5742.024305676878
36708,29808.285714285714,31527.14285714286,31693.071428571428,6161.936700807757,5760.29209604391
36764,29545.714285714286,30889.285714285714,31679.464285714286,5753.152518816233,5747.509396072042
26670,29268.14285714286,30928.85714285714,31640.928571428572,5263.51838692746,5708.136122650624
24848,29125.0,30548.64285714286,31622.64285714286,5327.397738733826,5723.7478346911985
24448,28950.85714285714,30266.35714285714,31629.75,5462.235269819193,5714.884682579789
24530,28915.0,29900.14285714286,31617.785714285714,5495.521176376233,5730.079912552068
28977,28873.0,29611.714285714286,31641.035714285714,5532.993674314078,5698.751627311746
35647,28992.14285714286,29400.214285714286,31578.35714285714,5523.625995924847,5718.736367896544
36124,28840.571428571428,29193.14285714286,31477.785714285714,5286.059019002772,5617.03385121669
27356,28749.14285714286,29008.64285714286,31347.10714285714,5129.386202024898,5456.94067281418
30290,28847.14285714286,28986.071428571428,31204.14285714286,5089.440061819841,5508.807592387577
29239,29624.571428571428,29287.714285714286,31106.178571428572,4783.170631047355,5499.461832617136
32959,30309.0,29612.0,31139.071428571428,4229.755784912377,5484.902827921927
32932,31513.14285714286,30193.071428571428,31195.89285714286,3435.620828349703,5495.592923487669
39201,32078.14285714286,30535.14285714286,31031.14285714286,3270.2574530950433,5365.819593012965
41529,32585.85714285714,30713.214285714286,30801.25,4089.8540898411507,4827.740086478612
33477,33358.0,31053.571428571428,30991.214285714286,5222.53699524155,5142.814587198998
30433,34232.42857142857,31539.785714285714,31044.214285714286,4514.553054922971,5161.13515619665
30204,34252.857142857145,31938.714285714286,31102.535714285714,4494.016927299806,5144.034232376604
28164,34390.71428571428,32349.85714285714,31125.0,4326.248903083204,5138.486778261699
32814,33705.71428571428,32609.428571428572,31110.571428571428,4928.423808693326,5146.493573863669
40872,33688.857142857145,32883.5,31141.85714285714,4931.711989041648,5154.366431693544
33769,33927.57142857143,33256.71428571428,31224.928571428572,5271.71113450977,5294.94323355414
31583,32819.0,33088.5,31048.571428571428,4090.365590832508,5115.711090129298
31758,32548.428571428572,33390.42857142857,31188.25,4102.211064663483,5073.320175373498
28677,32737.714285714286,33495.28571428572,31391.5,4018.0374444200747,4973.5683329942185
27323,32519.571428571428,33455.142857142855,31533.571428571428,4215.138149461712,4830.06060408701
32311,32399.428571428572,33052.57142857143,31622.821428571428,4369.146554997611,4723.399725508222
37929,32327.571428571428,33008.21428571428,31771.678571428572,4365.3265573586605,4675.102019513271
39514,31907.14285714286,32917.357142857145,31815.285714285714,3451.2769824405045,4728.243443763443
28805,32727.85714285714,32773.42857142857,31913.5,4493.525654708528,4861.527206318781
27502,32331.0,32439.714285714286,31989.75,4728.041842736433,4792.4931625368945
26623,31723.0,32230.35714285714,32084.535714285714,5074.930902649461,4670.71052951572
27963,31429.571428571428,31974.571428571428,32162.214285714286,5333.2092232583,4555.6730555888125
32797,31521.0,31960.214285714286,32284.821428571428,5256.002885590258,4385.683924480839
37239,31590.428571428572,31959.0,32421.25,5271.364967354036,4338.132049157314
33853,31491.85714285714,31699.5,32478.10714285714,5137.8430762519665,4392.073064386562
33407,30683.14285714286,31705.5,32397.0,3979.67077484937,4342.945996201868
28620,31340.571428571428,31835.785714285714,32613.10714285714,3997.773707833823,4231.944709602452
27150,31500.285714285714,31611.64285714286,32553.464285714286,3838.000465272036,4277.421718071847
28809,31575.571428571428,31502.571428571428,32478.85714285714,3730.033058707043,4354.890760328144
39529,31696.428571428572,31608.714285714286,32330.64285714286,3605.0862152031027,4408.2381230153915
44943,32658.14285714286,32124.285714285714,32566.25,4684.0782952668915,4613.103820760056
43910,33758.71428571428,32625.285714285714,32771.32142857143,6494.846642128045,5027.944643420559
33294,35195.42857142857,32939.28571428572,32856.357142857145,7546.399513612291,5198.777970469915
34006,35179.28571428572,33259.92857142857,32849.82142857143,7550.982313895465,5198.083806868394
33587,35948.71428571428,33724.5,32977.42857142857,7027.472654145457,5180.3825643698765
32535,36868.28571428572,34221.92857142857,33098.25,6035.357921291465,5152.679084709225
36901,37400.57142857143,34548.5,33254.357142857145,5329.09081855258,5063.086565666093
43309,37025.142857142855,34841.642857142855,33400.32142857143,5246.077754811133,5108.628735729746
44944,36791.71428571428,35275.21428571428,33487.357142857145,4856.970376489402,5259.179588281696
39636,36939.42857142857,36067.42857142857,33886.46428571428,5118.235400902152,5687.8932797337275
35074,37845.42857142857,36512.357142857145,34174.07142857143,4922.981781303696,5770.110153185471
32930,37998.0,36973.357142857145,34292.5,4799.151938971493,5752.688205751504
33782,37904.142857142855,37386.21428571428,34444.392857142855,4905.051730225786,5654.231285731027
41798,38082.28571428572,37741.42857142857,34675.07142857143,4695.732414092868,5482.070181618467
44438,38781.857142857145,37903.5,35013.892857142855,4852.571704040832,5621.9358820756015
39039,38943.142857142855,37867.42857142857,35246.357142857145,5043.139743869001,5875.779659625219
34100,38099.57142857143,37519.5,35229.392857142855,4313.103362898708,5863.675199049392
31967,37308.71428571428,37577.07142857143,35418.5,4488.409841442997,5732.732290846866
31468,36864.857142857145,37431.42857142857,35577.96428571428,4882.55119203655,5563.9840474392595
30764,36656.0,37280.07142857143,35751.0,5105.11922812129,5346.254701502086
36477,36224.857142857145,37153.57142857143,35851.03571428572,5500.425026867543,5219.8442113984265
40010,35464.71428571428,37123.28571428572,35982.46428571428,4941.102903680732,5186.320778827636
40509,34832.142857142855,36887.642857142855,36081.42857142857,3737.774000149109,5237.372322697773
31847,35042.142857142855,36570.857142857145,36319.142857142855,4042.4020676066716,5283.332027439608
29371,34720.28571428572,36014.5,36263.42857142857,4215.887558363254,5323.25331762426
28885,34349.42857142857,35607.142857142855,36290.25,4595.537286583703,5285.070262156004
29585,33980.42857142857,35318.21428571428,36352.21428571428,4955.098379687437,5183.12495727733
36377,33812.0,35018.42857142857,36379.92857142857,5100.552290357071,5143.2183967035935
40594,33797.71428571428,34631.21428571428,36267.357142857145,5091.976915183531,5106.101326512584
40699,33881.142857142855,34356.642857142855,36112.03571428572,5214.046043415538,4894.172184246017
35863,33908.28571428572,34475.21428571428,35997.357142857145,5254.635817202622,4739.872784777334
39542,34482.0,34601.142857142855,36089.107142857145,5211.1284446525415,4710.3780011821755
32656,35935.0,35142.21428571428,36286.82142857143,4960.4766908030415,4735.818721924545
34408,36473.71428571428,35227.07142857143,36253.57142857143,4216.155899801253,4758.689147456074
39991,37162.71428571428,35487.357142857145,36320.46428571428,3166.1113748722832,4717.46705012843
41431,37679.0,35738.357142857145,36430.82142857143,3308.110336733114,4767.428773991192
42672,37798.57142857143,35839.857142857145,36363.75,3443.3937163378187,4679.4771283172495
35770,38080.42857142857,35994.357142857145,36282.607142857145,3784.2541694563984,4542.888780234063
32587,38067.142857142855,36274.57142857143,36144.53571428572,3793.48856281273,4495.699084451308
33072,37073.57142857143,36504.28571428572,36055.71428571428,4228.668145612125,4541.9627496323055
33077,37133.0,36803.357142857145,36060.78571428572,4158.579885810429,4538.4212980183665
36582,36942.857142857145,37052.78571428572,36035.607142857145,4330.803444649834,4553.46264123602
42348,36455.857142857145,37067.42857142857,35849.32142857143,4117.321355305835,4413.532649523798
43689,36586.857142857145,37192.71428571428,35774.67857142857,4311.983009728914,4278.506671410183
33020,36732.142857142855,37406.28571428572,35940.75,4561.120090086517,4494.688961553508
30418,36339.28571428572,37203.21428571428,35902.17857142857,4771.387419269392,4515.655656044657
28916,36029.42857142857,36551.5,35846.857142857145,5113.816639169605,4574.752911475991
30864,35435.71428571428,36284.357142857145,35755.71428571428,5719.757125213343,4689.213894927466
35402,35119.57142857143,36031.21428571428,35759.28571428572,5929.181277296876,4685.307720295679
39544,34951.0,35703.42857142857,35720.892857142855,5897.362376520556,4683.612861087
39952,34550.42857142857,35568.642857142855,35704.25,5384.083575909747,4668.6112902692485
30864,34016.57142857143,35374.357142857145,35684.357142857145,4427.162328819034,4648.5235586293575
29479,33708.57142857143,35023.92857142857,35649.25,4580.394846776969,4682.168092486233
28354,33574.42857142857,34801.92857142857,35653.107142857145,4704.883202841596,4676.8460117609975
28538,33494.142857142855,34464.92857142857,35634.142857142855,4801.429524234477,4706.290563461286
31840,33161.857142857145,34140.71428571428,35596.75,5085.84894350889,4759.9859058692555
34588,32653.0,33802.0,35434.71428571428,5001.860887043272,4809.407454509544
36147,31945.0,33247.71428571428,35220.21428571428,4140.47440921125,4703.5495293026415
28933,31401.428571428572,32709.0,35057.642857142855,3009.3641552739155,4584.325243893466
29531,31125.571428571428,32417.071428571428,34810.142857142855,3151.9640891113377,4724.171490868239
33970,31133.0,32353.714285714286,34452.607142857145,3147.494770977893,4731.611919680819
35260,31935.285714285714,32714.714285714286,34499.53571428572,3034.810027787871,4719.634068380512
39511,32895.57142857143,33028.71428571428,34529.96428571428,2837.7680699887396,4721.768096978101
41276,33991.42857142857,33322.21428571428,34512.82142857143,3709.4678350199656,4702.037045189947
43009,34946.857142857145,33445.92857142857,34507.28571428572,4634.653652236664,4693.674410405931
37024,35927.142857142855,33664.28571428572,34519.32142857143,5563.439746193363,4715.766212073199
32394,37083.0,34104.28571428572,34564.107142857145,4630.4102050106785,4734.003210339282
32301,37492.0,34312.5,34557.21428571428,3924.86182347019,4737.12803568312
35008,37253.57142857143,34594.42857142857,34529.67857142857,4214.484976725864,4748.30857256187
36465,37217.57142857143,35056.57142857143,34598.642857142855,4235.3766797119715,4740.444862811347
44081,36782.42857142857,35386.92857142857,34594.46428571428,4115.248022381473,4738.6830760216
45798,37183.142857142855,36065.0,34656.357142857145,4718.130895053414,4853.627701804584
36030,37581.57142857143,36754.357142857145,34731.67857142857,5365.452601509778,5012.749175877896
34312,37439.57142857143,37261.28571428572,34839.17857142857,5395.736429723753,5006.954001620006
35497,37713.57142857143,37602.78571428572,34978.25,5139.426195505493,4933.13978317768
34405,38170.142857142855,37711.857142857145,35213.28571428572,4701.77744505816,4788.256837824542
35457,38084.0,37650.78571428572,35339.75,4774.331995159164,4715.337956742467
41521,37940.0,37361.21428571428,35341.71428571428,4845.965538466041,4715.376304508646
43364,37574.28571428572,37378.71428571428,35412.32142857143,4379.416693057307,4794.76437495896
32410,37226.57142857143,37404.07142857143,35534.17857142857,3654.237761701886,4955.088667992923
30206,36709.42857142857,37074.5,35589.392857142855,4082.814423782688,4909.525747174489
28922,36122.857142857145,36918.21428571428,35615.357142857145,4728.54274340317,4877.833856025033
28552,35183.57142857143,36676.857142857145,35635.642857142855,5468.691825813054,4847.604618199741
33044,34347.42857142857,36215.71428571428,35636.142857142855,6026.568450263753,4846.846089558955
39964,34002.71428571428,35971.357142857145,35679.142857142855,6021.532825737042,4817.170259827778
41021,33780.28571428572,35677.28571428572,35871.142857142855,5718.670175086923,4878.811738408839
31010,33445.57142857143,35336.07142857143,36045.21428571428,5099.268897176771,4975.019876060362
28472,33245.57142857143,34977.5,36119.392857142855,5173.568396414708,4879.617231036514
27101,32997.857142857145,34560.357142857145,36081.57142857143,5380.726606093633,4936.348856366
28303,32737.714285714286,33960.642857142855,35836.25,5648.00710322635,5208.3636345785135
37092,32702.14285714286,33524.78571428572,35587.78571428572,5679.4591124088465,5399.312791369614
44630,33280.42857142857,33641.57142857143,35501.392857142855,5921.01643462064,5353.370999862539
42819,33947.0,33863.642857142855,35621.17857142857,6968.776028351999,5522.228844531488
44525,34203.857142857145,33824.71428571428,35614.392857142855,7298.311618188868,5512.923357988764
31879,36134.57142857143,34690.07142857143,35882.28571428572,8060.436068789818,5760.642999457236
31854,36621.28571428572,34809.57142857143,35863.892857142855,7610.9617157160565,5773.00196854599
32575,37300.28571428572,35019.0,35847.92857142857,6787.54147229286,5783.827375174678
34775,37910.57142857143,35306.357142857145,35761.03571428572,5988.799959289113,5815.104747199261
43218,37579.57142857143,35430.0,35700.67857142857,6104.495225027313,5816.297868305667
46649,37377.857142857145,35662.42857142857,35669.857142857145,5850.750448406094,5772.365197978718
32972,37925.0,36064.42857142857,35700.25,6578.249285840951,5829.623694259053
32370,36274.57142857143,36204.57142857143,35591.03571428572,6076.52573041382,5851.819821294858
31018,36344.71428571428,36483.0,35521.67857142857,6019.900046631076,5878.986175218702
30142,36225.28571428572,36762.78571428572,35361.71428571428,6131.105221580812,5940.2985013982425
36359,35877.71428571428,36894.142857142855,35209.46428571428,6434.0091885305455,6019.825341887033
45959,36104.0,36841.78571428572,35241.67857142857,6416.593930323697,6023.611332535464
44286,36495.57142857143,36936.71428571428,35400.17857142857,6981.819219877287,6249.126760054354
31860,36158.0,37041.5,35433.107142857145,6445.615848518039,6294.906267294302
29276,35999.142857142855,36136.857142857145,35413.46428571428,6550.08067198596,6305.538209367087
27065,35557.142857142855,35950.92857142857,35380.25,6929.210691667849,6336.358404010461
28557,34992.42857142857,35608.857142857145,35313.92857142857,7498.490089281161,6415.681170662848
33634,34766.0,35321.857142857145,35314.107142857145,7690.83129447007,6415.486057849828
41889,34376.71428571428,35240.357142857145,35335.17857142857,7665.684220696071,6408.7191708933215
41362,33795.28571428572,35145.42857142857,35403.92857142857,6739.126642582259,6470.2442619675285
29176,33377.57142857143,34767.78571428572,35416.107142857145,6034.258442624167,6481.51963399579
27979,32994.142857142855,34496.642857142855,35350.607142857145,6228.893786983678,6536.727130658564
26932,32808.857142857145,34183.0,35333.0,6375.492959465216,6556.575206954036
27231,32789.857142857145,33891.142857142855,35326.96428571428,6395.629899355017,6564.506906432736
32656,32600.428571428572,33683.21428571428,35288.67857142857,6559.434956791706,6609.9582452514915
40981,32460.714285714286,33418.71428571428,35130.25,6544.148778725564,6618.291251020407
39736,32331.0,33063.142857142855,34999.92857142857,6331.669290163538,6458.295033168558
34841,32098.714285714286,32738.14285714286,34889.82142857143,5964.304701424015,6345.344026826521
33830,32908.0,32951.07142857143,34543.96428571428,5885.446060693565,6058.138049624392
34220,33743.857142857145,33276.357142857145,34613.642857142855,5469.541340568748,6037.536155642282
30075,34785.0,33787.42857142857,34698.142857142855,4577.713402999376,6013.993420991148
34588,35191.28571428572,33895.857142857145,34608.857142857145,3866.4899549111356,6065.023145595877
44040,35467.28571428572,33964.0,34602.17857142857,3721.5927465842797,6064.936377508627
41872,35904.28571428572,34117.642857142855,34631.53571428572,4561.708697198386,6110.00758005314
33790,36209.42857142857,34154.07142857143,34460.92857142857,4918.246837276583,5821.922445178388
32295,36059.28571428572,34483.642857142855,34490.142857142855,4982.605567180228,5816.22387817544
29969,35840.0,34791.92857142857,34487.46428571428,5128.704807258862,5817.253618791592
29998,35232.71428571428,35008.857142857145,34450.0,5583.9703232940565,5843.742801144305
35052,35221.71428571428,35206.5,34444.857142857145,5595.887141889305,5847.736527696375
42226,35288.0,35377.642857142855,34398.17857142857,5589.874327746568,5837.098080721979
42237,35028.857142857145,35466.57142857143,34264.857142857145,5140.499730200423,5601.12682257237
33684,35081.0,35645.21428571428,34191.67857142857,5222.676708355606,5477.369604266814
27869,35065.857142857145,35562.57142857143,34256.82142857143,5227.195469483671,5459.4287861125995
27103,34433.57142857143,35136.78571428572,34206.57142857143,5848.93212068503,5513.18208464156
26169,34024.142857142855,34628.42857142857,34207.92857142857,6296.712089881295,5511.363358442541
29711,33477.142857142855,34349.42857142857,34122.642857142855,6847.024644047266,5619.463927341095
36689,32714.14285714286,34001.07142857143,33982.53571428572,6939.247712073976,5680.669955808502
36987,31923.14285714286,33476.0,33796.82142857143,5914.153205899997,5494.567546448651
26712,31173.14285714286,33127.07142857143,33640.57142857143,4567.872386883986,5331.2463863289995
25419,30177.14285714286,32621.5,33552.57142857143,4687.679398471826,5427.143539165791
24390,29827.14285714286,32130.35714285714,33461.142857142855,4971.601500139619,5544.804633463691
24312,29439.571428571428,31731.85714285714,33370.357142857145,5313.363901746329,5674.949262062536
31863,29174.285714285714,31325.714285714286,33266.107142857145,5545.174049396038,5816.94252347645
38547,29481.714285714286,31097.928571428572,33237.78571428572,5638.753813692223,5821.951336088989
37184,29747.14285714286,30835.14285714286,33150.857142857145,6062.377680651146,5719.320645452802
27581,29775.285714285714,30474.214285714286,33059.71428571428,6101.916467096923,5630.132265120539
28080,29899.428571428572,30038.285714285714,32800.42857142857,6037.709247088749,5711.643172980063
24975,30279.571428571428,30053.35714285714,32595.071428571428,5787.171412044142,5776.25745122715
31051,30363.14285714286,29901.35714285714,32264.89285714286,5691.377320958772,5941.790628841121
35514,31325.85714285714,30250.071428571428,32299.75,5028.580662193908,5931.321547982001
45079,31847.428571428572,30664.571428571428,32332.821428571428,5276.7967195115325,5947.1132870000665
42545,32780.57142857143,31263.85714285714,32369.928571428572,6966.13759212241,6025.589591121765
33057,33546.42857142857,31660.85714285714,32393.964285714286,7778.287726253188,6066.102687351418
30514,34328.71428571428,32114.071428571428,32367.785714285714,7341.434526355319,6061.434742498362
29683,34676.42857142857,32478.0,32304.178571428572,7047.9221963437085,6071.563042721872
30757,35349.0,32856.07142857143,32293.964285714286,6133.098591522345,6075.876089745129
35722,35307.0,33316.42857142857,32321.071428571428,6168.3425920852815,6066.939950673602
42884,35336.71428571428,33592.07142857143,32345.0,6170.006718372512,6079.418350589268
43517,35023.142857142855,33901.857142857145,32368.5,5623.981372318947,6120.163211936491
33213,35162.0,34354.21428571428,32414.214285714286,5848.180685763169,6200.854136847203
28308,35184.28571428572,34756.5,32397.39285714286,5839.112424398243,6197.920095210473
27835,34869.142857142855,34772.78571428572,32413.071428571428,6182.609142548464,6186.5854695855305
29713,34605.142857142855,34977.07142857143,32439.214285714286,6473.576431117799,6164.82379885261
31616,34456.0,34881.5,32565.785714285714,6588.023274599652,6066.924612081255
40441,33869.42857142857,34603.07142857143,32633.821428571428,6639.109951821932,6044.364342117754
37576,33520.42857142857,34271.78571428572,32767.821428571428,6131.029436593909,6177.713780964917
29330,32671.714285714286,33916.857142857145,32788.857142857145,4778.617991089264,6193.594981402225
30274,32117.0,33650.642857142855,32882.357142857145,4928.34062675597,6117.756259079196
35208,32397.85714285714,33633.5,33055.75,4727.001354931465,5965.292918361333
21909,33451.142857142855,34028.142857142855,33442.107142857145,4347.003045339461,5728.889669032482
23423,32336.285714285714,33396.142857142855,33356.28571428572,6109.086366887877,5886.557975951041
30016,31165.85714285714,32517.64285714286,33054.857142857145,6991.234355213956,6174.88478053721
32732,29676.571428571428,31598.5,32750.178571428572,5672.040193121083,6103.9157501926375
26476,28984.571428571428,30828.14285714286,32591.178571428572,4771.702416578496,6041.81096258994
24489,28576.85714285714,30346.928571428572,32551.714285714286,4858.409493808022,6079.24174034609
23545,27750.428571428572,30074.14285714286,32423.464285714286,5011.224895410409,6213.469392180681
23868,26084.285714285714,29767.714285714286,32372.39285714286,3943.608403238761,6282.453303178129
30389,26364.14285714286,29350.214285714286,32115.85714285714,3657.0241740415036,6481.89744004643
42496,27359.285714285714,29262.571428571428,31932.821428571428,3671.056692302007,6454.689515748147
40940,29142.14285714286,29409.35714285714,31840.571428571428,6839.491633851445,6275.8263462306195
35337,30314.714285714286,29649.64285714286,31783.25,8137.872033774881,6181.048422545475
28819,31580.571428571428,30078.714285714286,31864.678571428572,8130.402139647276,6213.38385800614
31184,32199.14285714286,29974.785714285714,31804.14285714286,7651.558782988201,6235.249169123737
31124,33290.42857142857,29687.35714285714,31857.75,6696.741816165606,6222.777262694782
33594,34327.0,30345.571428571428,31870.85714285714,5438.5659261733135,6220.759044517569
41573,34784.857142857145,31072.071428571428,31794.85714285714,5180.5728263893625,6184.861911774985
42526,34653.0,31897.571428571428,31748.035714285714,4958.586223242809,6102.214415804731
31089,34879.57142857143,32597.14285714286,31712.64285714286,5317.014853503891,6033.9179594852785
30298,34272.71428571428,32926.642857142855,31636.785714285714,5495.530660281616,6027.705228588354
30016,34484.0,33341.57142857143,31707.85714285714,5274.9092567234475,5998.6644174891835
28671,34317.142857142855,33803.78571428572,31785.75,5413.349869491521,5960.551780479541
32902,33966.71428571428,34146.857142857145,31748.535714285714,5724.935333384005,5977.20172037758
42390,33867.857142857145,34326.357142857145,31794.464285714286,5738.402780930469,5981.085126879035
40053,33984.57142857143,34318.78571428572,31864.071428571428,5926.46515941116,6095.682667256739
31025,33631.28571428572,34255.42857142857,31952.535714285714,5381.048278117252,6198.750384715506
30254,33622.142857142855,33947.42857142857,32013.071428571428,5386.139725523022,6180.440149305993
31782,33615.857142857145,34049.92857142857,32012.35714285714,5390.689363107828,6180.649733400541
30872,33868.142857142855,34092.642857142855,31890.0,5233.158938556189,6148.873356604087
32848,34182.57142857143,34074.642857142855,32210.10714285714,4925.955672325355,5835.333684573446
40015,34174.857142857145,34021.357142857145,32546.714285714286,4928.337056539174,5575.745596095736
38987,33835.57142857143,33910.07142857143,32903.82142857143,4311.688178936532,5725.839463303511
32623,33683.28571428572,33657.28571428572,33127.21428571428,4067.3986655800013,5839.773050874008
11,33911.57142857143,33766.857142857145,33346.75,3936.057962697494,5694.200185276245
29701,29591.14285714286,31603.5,32472.535714285714,13528.756452196832,8359.645573215914
29086,29293.85714285714,31581.0,32692.39285714286,13495.413226087501,8195.496226312516
32347,29038.714285714286,31610.64285714286,32878.75,13477.475365887174,8045.357587637916
37154,28967.14285714286,31571.0,32948.67857142857,13455.18668802199,8031.412882728491
35699,28558.428571428572,31197.0,32757.89285714286,13102.496223457372,7857.789748322108
35036,28088.714285714286,30886.0,32570.714285714286,12719.674271435922,7716.824917298101
24087,28433.428571428572,31172.5,32559.964285714286,12894.533193788548,7713.037315371093
32184,31872.85714285714,30732.0,32390.964285714286,4580.087896848417,7848.689692398737
36241,32227.571428571428,30760.714285714286,32426.678571428572,4478.882332946597,7845.268600333306
33742,33249.71428571428,31144.214285714286,32609.428571428572,4458.83070300896,7873.347936897606
43287,33449.0,31208.071428571428,32614.714285714286,4442.905880914741,7874.083047648779
43994,34325.142857142855,31441.785714285714,32675.928571428572,5717.2591168779345,7952.576665731596
33517,35510.142857142855,31799.428571428572,32728.35714285714,6805.53758416804,8024.434237420597
31220,35293.142857142855,31863.285714285714,32815.07142857143,6847.2650848975545,8019.179864450774
29532,36312.142857142855,34092.5,32848.0,5244.911229899291,8010.349504558789
29793,35933.28571428572,34080.42857142857,32830.71428571428,5671.2521754983845,8017.206366019523
34476,35012.142857142855,34130.92857142857,32870.78571428572,6118.925543714664,7998.427319292875
45878,35117.0,34283.0,32927.0,6099.7912532588625,8004.183919814827
40207,35487.142857142855,34906.142857142855,33051.57142857143,6724.778817392964,8182.079453286567
30614,34946.142857142855,35228.142857142855,33057.07142857143,6044.247497374989,8187.0104023411595
30901,34531.42857142857,34912.28571428572,33042.392857142855,6254.580504375519,8191.156054343842
28802,34485.857142857145,35399.0,33065.5,6283.822865861501,8183.9080834597935
28370,34381.57142857143,35157.42857142857,32959.07142857143,6384.982141899928,8220.512721364552
32812,34178.28571428572,34595.21428571428,32869.71428571428,6575.240292549159,8257.554412676123
42267,33940.57142857143,34528.78571428572,32868.42857142857,6592.739133752703,8257.560721471147
37041,33424.71428571428,34455.92857142857,32948.857142857145,5564.016945645354,8340.299047459763
30887,32972.42857142857,33959.28571428572,32879.357142857145,5023.211020092732,8296.110419343942
25556,33011.42857142857,33771.42857142857,32817.357142857145,5002.867073227217,8304.57980391403
25594,32247.85714285714,33366.857142857145,33729.67857142857,5733.240660934322,5494.941182265815
24967,31789.571428571428,33085.57142857143,33583.0,6166.4413523831645,5658.83389374852
29852,31303.428571428572,32740.85714285714,33435.892857142855,6599.869464798613,5830.987911592021
40693,30880.571428571428,32410.571428571428,33346.78571428572,6581.905267654735,5867.195742286675
38427,30655.714285714286,32040.214285714286,33473.17857142857,6140.140272943997,5989.102134238372
27796,30853.714285714286,31913.071428571428,33570.607142857145,6397.3238601331395,6048.54613286768
25549,30412.14285714286,31711.785714285714,33312.03571428572,6500.488787482885,6137.677305168541
23523,30411.14285714286,31329.5,33364.25,6501.360817259007,6062.044439546534
26751,30115.285714285714,30952.428571428572,33054.92857142857,6797.488279119144,6339.13334962585
39076,30370.14285714286,30836.785714285714,32716.0,6602.953743807188,6415.711461370096
51032,31687.85714285714,31284.214285714286,32906.5,7359.380282527689,6525.55473163436
41558,33164.857142857145,31910.285714285714,33183.107142857145,10023.268186717209,7119.025085872394
28992,33612.142857142855,32232.928571428572,33096.107142857145,10361.384068237405,6995.83337549751
31633,33783.0,32097.571428571428,32934.5,10258.846068962472,7037.888880118023
31937,34652.142857142855,32531.64285714286,32949.25,9686.755690607866,7034.5945610880035
29699,35854.142857142855,32984.71428571428,33035.142857142855,8528.38365750063,7005.9486296331215
35546,36275.28571428572,33322.71428571428,33031.78571428572,8064.087171203067,7007.5820860780295
45852,35771.0,33729.42857142857,33070.0,7969.574852734199,7018.658228844979
43910,35031.0,34097.92857142857,33069.07142857143,6402.86368223886,7016.902465969669
36617,35367.0,34489.57142857143,33201.32142857143,6848.657045971374,7189.196710154869
36141,36456.28571428572,35119.642857142855,33415.71428571428,6245.540961739172,7198.684189731624
38551,37100.28571428572,35876.21428571428,33602.857142857145,5887.456431948789,7198.999995957697
30209,38045.142857142855,36949.642857142855,33951.03571428572,5433.97685642756,7193.960226427303
38260,38118.0,37196.642857142855,34016.71428571428,5305.319720180227,7149.376584358493
45157,38505.71428571428,37138.357142857145,34211.28571428572,5183.808564954446,7189.397856912185
44653,38406.42857142857,36718.71428571428,34314.5,5023.841685972412,7328.727748211648
34638,38512.57142857143,36939.78571428572,34586.357142857145,5165.355807594232,7570.7971213677365
28248,38229.857142857145,37343.07142857143,34720.32142857143,5337.680908052704,7536.019894866258
30201,37102.28571428572,37101.28571428572,34816.46428571428,6548.781711491217,7431.216512155263
31408,35909.42857142857,36977.28571428572,34981.0,6986.747761706751,7268.682380979065
32563,36080.71428571428,37099.357142857145,35211.03571428572,6836.79344220875,7038.2961663035385
43031,35266.857142857145,36886.28571428572,35307.857142857145,6873.123390632325,6980.2522914941965
44142,34963.142857142855,36684.78571428572,35391.357142857145,6393.489434014668,7060.5787309450025
32020,34890.142857142855,36701.357142857145,35595.46428571428,6266.059724914098,7232.104337385164
27328,34516.142857142855,36373.0,35746.32142857143,6361.027679774491,7106.348429676676
27884,34384.71428571428,35743.5,35809.857142857145,6519.648602859053,7019.219164731899
30374,34053.71428571428,34981.57142857143,35965.607142857145,6819.381709859189,6780.822480098829
39451,33906.0,34993.357142857145,36095.0,6896.998840075308,6631.396255412293
49772,34890.0,35078.42857142857,36108.392857142855,7159.80844715835,6638.01507781357
48247,35853.0,35408.07142857143,36063.392857142855,8720.508414077702,6536.594998413188
35817,36439.42857142857,35664.78571428572,36302.28571428572,9476.110556853704,6859.118353112916
31236,36981.857142857145,35749.0,36546.03571428572,9287.774175918417,6709.347418076879
32028,37540.142857142855,35962.42857142857,36531.857142857145,8710.268182411128,6720.5246307240905
29770,38132.142857142855,36092.92857142857,36535.107142857145,8061.244805209899,6718.241907034045
34292,38045.857142857145,35975.92857142857,36537.642857142855,8160.744888970426,6715.579014303559
44889,37308.857142857145,36099.42857142857,36492.857142857145,8245.214539933067,6726.609501542605
44108,36611.28571428572,36232.142857142855,36458.46428571428,7148.703512159517,6679.279665542457
36438,36020.0,36229.71428571428,36465.53571428572,6123.551774365372,6687.560555528623
33792,36108.71428571428,36545.28571428572,36459.142857142855,6124.618919146061,6687.495958956391
31808,36473.857142857145,37007.0,36375.25,5855.997735330026,6706.34202674077
33167,36442.42857142857,37287.28571428572,36134.42857142857,5884.356658608842,6746.268260242349
37501,36927.71428571428,37486.78571428572,36240.07142857143,5358.98829737745,6672.802992183019
43652,37386.142857142855,37347.5,36212.96428571428,5231.683968174778,6665.8314725845985
42570,37209.42857142857,36910.357142857145,36159.21428571428,4949.286273701237,6596.749852696213
31365,36989.71428571428,36504.857142857145,36084.82142857143,4614.833428351282,6508.571983409834
29012,36265.0,36186.857142857145,35967.92857142857,5089.804711381365,6564.668567575693
29456,35582.142857142855,36028.0,35995.21428571428,5754.170876519959,6532.903559317542
29642,35246.142857142855,35844.28571428572,35968.607142857145,6071.217544792025,6558.841820407943
33168,34742.57142857143,35835.142857142855,35905.53571428572,6409.193757333889,6612.592921602334
40620,34123.57142857143,35754.857142857145,35927.142857142855,6306.805949584497,6602.2467652463765
40633,33690.42857142857,35449.92857142857,35841.03571428572,5608.834574643331,6521.393287180627
29667,33413.71428571428,35201.71428571428,35715.71428571428,5124.624627368208,6388.324308525623
28632,33171.142857142855,34718.07142857143,35631.67857142857,5275.721386015123,6453.880446582736
28258,33116.857142857145,34349.5,35678.25,5327.352952094565,6396.188561977381
29654,32945.71428571428,34095.92857142857,35691.607142857145,5481.571025241041,6379.678212825961
38067,32947.42857142857,33845.0,35665.892857142855,5480.367379934289,6403.312744135355
46410,33647.28571428572,33885.42857142857,35616.46428571428,5815.773371165873,6378.305391351517
34448,34474.42857142857,34082.42857142857,35496.392857142855,7215.934840271752,6128.719861132771
34522,33590.857142857145,33502.28571428572,35003.57142857143,6696.094643610605,5597.199348805123
34642,34284.42857142857,33727.78571428572,34957.32142857143,6469.533518916264,5595.579095265797
35594,35143.0,34129.92857142857,35078.96428571428,5974.209543250614,5548.508391364976
32174,36191.0,34568.357142857145,35206.32142857143,5152.008119817615,5516.7195301500105
38056,36551.0,34749.21428571428,35292.17857142857,4686.07593479519,5447.24949318509
46821,36549.42857142857,35098.357142857145,35426.607142857145,4685.4846372295615,5468.057386374776
46444,36608.142857142855,35541.28571428572,35495.607142857145,4829.989248731003,5602.4220776592065
35017,38321.857142857145,35956.357142857145,35579.03571428572,5937.071793080345,5750.850825825633
33750,38392.57142857143,36338.5,35528.28571428572,5887.006762272946,5749.259693774054
31441,38265.142857142855,36704.07142857143,35526.78571428572,5990.466159617597,5749.734933388904
32692,37671.857142857145,36931.42857142857,35513.67857142857,6484.392992115016,5758.93722868796
36082,37745.857142857145,37148.42857142857,35496.71428571428,6413.765493804996,5766.8001837924185
43645,37463.857142857145,37006.642857142855,35446.03571428572,6441.194129159878,5754.75668940336
43990,37010.142857142855,36809.142857142855,35445.78571428572,5746.6410313205615,5754.387140242501
34102,36659.57142857143,37490.71428571428,35496.5,5115.397373197337,5825.31951436523
31039,36528.857142857145,37460.71428571428,35594.25,5175.700739306427,5776.180902990659
28815,36141.57142857143,37203.357142857145,35666.642857142855,5508.989951498757,5702.867129554607
28474,35766.42857142857,36719.142857142855,35643.75,5953.8779199538785,5729.944008678663
32829,35163.857142857145,36454.857142857145,35602.03571428572,6504.8409006567745,5779.294346788827
40857,34699.142857142855,36081.5,35589.92857142857,6544.394380653106,5784.934641767677
39931,34300.857142857145,35655.5,35598.392857142855,5968.738153316606,5792.735152210111
29951,33721.0,35190.28571428572,35573.32142857143,4986.989572878638,5771.618587110488
27059,33128.0,34828.42857142857,35583.46428571428,5177.299585691398,5761.0945300231215
27607,32559.428571428572,34350.5,35527.28571428572,5642.583801095144,5838.540348137135
27476,32386.85714285714,34076.642857142855,35504.03571428572,5792.665604842403,5869.772589967724
31206,32244.285714285714,33704.07142857143,35426.25,5915.990047159955,5963.845513220095
35329,32012.428571428572,33355.78571428572,35181.21428571428,5921.056658433643,5992.2078992585375
38902,31222.714285714286,32761.785714285714,34785.46428571428,4809.038944677935,5574.505143173676
27445,31075.714285714286,32398.35714285714,34944.53571428572,4504.57285116237,5627.812498404303
28144,30717.714285714286,31922.85714285714,34691.78571428572,4704.023374172629,5803.661592331759
31358,30872.714285714286,31716.071428571428,34459.71428571428,4579.604339324788,5934.17656840218
31741,31408.571428571428,31897.714285714286,34308.42857142857,4347.360649756137,5958.135965207081
36950,32017.85714285714,32131.071428571428,34292.96428571428,3988.400992401704,5964.439624618078
40812,32838.42857142857,32425.428571428572,34253.46428571428,4366.493896982029,5942.216493071339
43203,33621.71428571428,32422.214285714286,34038.857142857145,5283.271609974467,5568.263767660736
35368,34236.142857142855,32655.928571428572,33923.107142857145,6174.608150281606,5329.404652590959
31673,35368.0,33042.857142857145,33935.642857142855,5399.8223736218215,5332.4848992808365
31346,35872.142857142855,33372.42857142857,33861.46428571428,4737.021195806907,5349.581814615962
32938,35870.42857142857,33639.5,33858.07142857143,4738.928882393261,5351.203678568381
33497,36041.42857142857,34029.642857142855,33866.857142857145,4584.156623892887,5349.41993888493
45385,35548.142857142855,34193.28571428572,33774.53571428572,4655.324028413482,5332.052675979295
37390,36201.42857142857,34911.57142857143,33836.67857142857,5716.938891199937,5459.954897748671
34609,35371.0,34803.57142857143,33600.96428571428,4893.2565843209295,5138.382599555814
32885,35262.57142857143,35315.28571428572,33619.07142857143,4901.736048148087,5141.10617819256
34611,35435.71428571428,35653.92857142857,33685.0,4773.539417605002,5118.581444111247
31937,35902.142857142855,35886.28571428572,33892.0,4456.298405200282,5030.784696910278
34682,35759.142857142855,35900.28571428572,34015.67857142857,4581.568960831787,4934.295920006262
40830,35928.42857142857,35738.28571428572,34081.857142857145,4505.311452687193,4930.21525872395
42673,35277.71428571428,35739.57142857143,34080.892857142855,2983.891291266387,4928.843499986024
33646,36032.42857142857,35701.71428571428,34178.82142857143,4075.5978644097154,5074.469445382086
30286,35894.857142857145,35578.71428571428,34310.78571428572,4147.276191613467,5008.0612819965345
28935,35523.57142857143,35479.642857142855,34426.03571428572,4557.676047327308,4870.230403570493
30902,34712.71428571428,35307.42857142857,34473.46428571428,5205.9025382824275,4807.425325258467
35081,34564.857142857145,35162.0,34595.82142857143,5311.504006354886,4664.1969183190695
39143,34621.857142857145,35275.142857142855,34734.21428571428,5315.110329007668,4617.142072250309
36049,34380.857142857145,34829.28571428572,34870.42857142857,5016.564476098892,4691.00843954625
36277,33434.57142857143,34733.5,34768.53571428572,3622.853058808011,4630.794216195672
29298,33810.42857142857,34852.642857142855,35083.96428571428,3781.4504208986446,4408.9568387640875
26967,33669.28571428572,34596.42857142857,35125.17857142857,3949.6238096932093,4346.633555204242
28125,33388.142857142855,34050.42857142857,34968.357142857145,4388.451755405782,4561.483954561808
36086,32991.42857142857,33778.142857142855,34839.21428571428,4760.412162027703,4705.164186981682
44808,33135.0,33878.42857142857,34808.357142857145,4848.280073043117,4693.6276281964765
47502,33944.28571428572,34162.57142857143,34951.07142857143,6279.771485075086,4937.358087438853
39245,35580.42857142857,34507.5,35104.607142857145,8136.914133690225,5259.784760694674
33809,36004.42857142857,34907.42857142857,35243.07142857143,8255.721952220838,5317.687870776663
35911,36648.857142857145,35159.07142857143,35319.357142857145,7808.951859427562,5279.761920939134
34166,37926.57142857143,35657.357142857145,35482.392857142855,6598.693983335963,5222.696680616711
37602,38789.57142857143,35890.5,35526.25,5386.933043861554,5205.667265195296
44647,39006.142857142855,36070.57142857143,35672.857142857145,5289.722596021176,5204.205192201747
48164,38983.142857142855,36463.71428571428,35646.5,5260.560978595694,5154.830043539527
36769,39077.71428571428,37329.07142857143,36031.28571428572,5442.05254520404,5666.515349987162
34625,38724.0,37364.21428571428,36108.42857142857,5509.4161215141385,5661.135846169299
33942,38840.57142857143,37744.71428571428,36170.57142857143,5395.545225990991,5633.926118900338
34188,38559.28571428572,38242.92857142857,36146.67857142857,5620.3678917038105,5642.197556203383
39767,38562.42857142857,38676.0,36227.07142857143,5617.507183117869,5595.840657253883
46309,38871.71428571428,38938.92857142857,36408.67857142857,5615.41460963437,5626.271241065635
39690,39109.142857142855,39046.142857142855,36604.357142857145,5926.803169460218,5875.495933137675
34118,37898.57142857143,38488.142857142855,36497.82142857143,4450.665675197463,5787.7718674074695
31177,37519.857142857145,38121.92857142857,36514.67857142857,4670.17784916775,5779.84010450097
31070,37027.28571428572,37933.92857142857,36546.5,5180.357443082014,5746.634818808364
31771,36617.0,37588.142857142855,36622.75,5564.898082325199,5655.339146427118
36703,36271.71428571428,37417.07142857143,36653.78571428572,5810.3021067263435,5625.085252734309
42276,35834.0,37352.857142857145,36711.71428571428,5615.239561526594,5616.633952144366
43275,35257.857142857145,37183.5,36823.607142857145,4446.640058462554,5697.488539239179
34118,35770.0,36834.28571428572,37081.67857142857,5187.007872238744,5823.365363096864
31603,35770.0,36644.92857142857,37004.57142857143,5187.007872238744,5848.653472309102
30356,35830.857142857145,36429.07142857143,37086.892857142855,5126.282260032493,5751.58001054708
31457,35728.857142857145,36172.92857142857,37207.92857142857,5242.583505250425,5563.307895079114
36753,35684.0,35977.857142857145,37326.92857142857,5283.277644291155,5394.914401741354
44949,35691.142857142855,35762.57142857143,37350.75,5284.918461325319,5390.703036847916
44823,36073.0,35665.42857142857,37355.78571428572,5900.692755939766,5397.988153055633
38716,36294.142857142855,36032.07142857143,37260.107142857145,6235.121181088396,5232.699029778347
37242,36951.0,36360.5,37241.21428571428,6209.8038347975735,5226.218045919241
43999,37756.57142857143,36793.71428571428,37363.82142857143,5749.0715440884505,5182.804839463678
36783,39705.57142857143,37717.21428571428,37652.67857142857,5097.715039019686,5322.343573565993
40807,40466.42857142857,38075.21428571428,37746.142857142855,3923.653903236213,5281.670006059629
41832,41045.57142857143,38368.357142857145,37860.607142857145,3567.1873073493175,5313.066488066342
44624,40600.28571428572,38336.642857142855,37760.07142857143,3171.2960397018096,5205.438978383266
37460,40571.857142857145,38433.0,37633.642857142855,3127.725873994867,4981.567105910317
37253,40392.42857142857,38671.71428571428,37658.32142857143,3284.054955749183,4978.835889922756
34579,40394.0,39075.28571428572,37752.17857142857,3282.2983817237705,4944.186163443173
36361,39048.28571428572,39376.92857142857,37774.92857142857,3482.8739911307594,4927.441992281741
41279,38988.0,39727.21428571428,37852.53571428572,3531.926103417209,4885.791876240367
45185,39055.42857142857,40050.5,37906.53571428572,3576.662916609208,4915.997381807313
46672,39534.42857142857,40067.357142857145,37866.392857142855,4183.525541021686,4848.975961683454
37624,39827.0,40199.42857142857,38115.75,4644.949192402412,5118.273346187769
33937,39850.42857142857,40121.42857142857,38240.96428571428,4631.414393650616,5059.396490741651
32467,39376.71428571428,39885.357142857145,38339.53571428572,5088.404488451669,4942.202114383609
33921,39075.0,39061.642857142855,38389.42857142857,5468.699266431327,4872.658384850057
36194,38726.42857142857,38857.21428571428,38466.21428571428,5741.478260783324,4780.569316453618
41527,38000.0,38527.71428571428,38448.03571428572,5686.110562883319,4788.483642163734
42039,37477.42857142857,38505.92857142857,38421.28571428572,5048.020366346353,4768.357181633946
32203,36815.57142857143,38321.28571428572,38377.142857142855,3788.0615912426238,4727.304334938897
31304,36041.142857142855,37945.78571428572,38308.75,4133.613126090842,4804.429820295845
31468,35665.0,37520.857142857145,38298.07142857143,4463.617105741343,4820.192811024219
31816,35522.28571428572,37298.642857142855,38337.78571428572,4596.888430024738,4756.493420166214
36843,35221.57142857143,36974.0,38350.607142857145,4784.13582782175,4737.705628014966
41672,35314.28571428572,36657.142857142855,38353.82142857143,4812.327493506857,4736.61199478628
40480,35335.0,36406.21428571428,38236.78571428572,4843.736230087962,4606.310963571774
31763,35112.28571428572,35963.92857142857,38081.67857142857,4508.341924118223,4446.675329439913
30162,35049.42857142857,35545.28571428572,37833.357142857145,4558.453606840195,4601.391240614754
31255,34886.28571428572,35275.642857142855,37580.5,4731.972975207629,4824.226765906505
37309,34855.857142857145,35189.07142857143,37125.357142857145,4758.229482646241,4797.336809138725
41663,35640.57142857143,35431.07142857143,37144.142857142855,4624.414011783656,4796.976391160828
47105,36329.142857142855,35821.71428571428,37174.71428571428,5161.009701875898,4823.837053150093
44439,37105.28571428572,36220.142857142855,37363.03571428572,6366.217053433578,5107.00735360624
39149,37670.857142857145,36391.57142857143,37356.42857142857,6871.776685073789,5097.376219982411
36694,38726.0,36887.71428571428,37416.75,6361.560788569617,5108.628500625902
35079,39659.142857142855,37272.71428571428,37396.78571428572,5283.754549830727,5110.384100641018
34886,40205.42857142857,37530.642857142855,37414.642857142855,4392.559385185439,5101.038305448278
40699,39859.28571428572,37749.92857142857,37361.96428571428,4740.530656452045,5119.903605010843
44912,39721.57142857143,38025.357142857145,37341.25,4693.164598901334,5104.619452025769
47520,39408.28571428572,38256.78571428572,37331.5,4161.194929115317,5089.320528758657
38753,39848.42857142857,38759.642857142855,37361.78571428572,4882.434531294885,5149.134636804165
35144,39791.857142857145,39258.92857142857,37402.107142857145,4894.169368700226,5155.680293073979
33732,39570.42857142857,39614.78571428572,37445.21428571428,5088.876852415216,5130.620173018873
37643,39378.0,39791.71428571428,37490.392857142855,5307.779228013645,5090.573360265348
38025,39771.857142857145,39815.57142857143,37623.32142857143,5013.006730116192,5042.281472549162
44431,39389.857142857145,39555.71428571428,37688.71428571428,5032.425969933082,5034.925861803953
44894,39321.142857142855,39364.71428571428,37792.42857142857,4947.017196539439,5145.611977630889
35237,38946.0,39397.21428571428,37894.392857142855,4275.672032947938,5259.8956146471155
31625,38443.71428571428,39117.78571428572,38002.75,4502.621892271409,5168.7686736641335
32633,37941.0,38755.71428571428,38014.21428571428,5090.502954849671,5153.694621208855
31793,37784.0,38581.0,38055.82142857143,5256.202082619469,5103.344640771051
37113,36948.28571428572,38360.07142857143,38055.0,5726.389692010307,5104.387938060944
44836,36818.0,38103.92857142857,38064.642857142855,5708.155423018309,5102.268102878427
48577,36875.857142857145,38098.5,38177.642857142855,5799.502174858672,5218.824525051618
34200,37402.0,38174.0,38466.82142857143,6739.110945320108,5564.037290217511
32963,37253.857142857145,37848.78571428572,38553.857142857145,6805.704137671853,5473.614262070985
32456,37445.0,37693.0,38653.892857142855,6637.98822435432,5338.492125430197
31710,37419.71428571428,37601.857142857145,38696.78571428572,6659.675009945695,5281.362046242604
41621,37407.857142857145,37178.07142857143,38496.82142857143,6671.426220046487,5439.48125967343
47972,38051.857142857145,37434.92857142857,38495.32142857143,6853.320932914475,5438.581528395534
44741,38499.857142857145,37687.857142857145,38526.28571428572,7447.457718993131,5491.625239143288
47072,37951.857142857145,37676.92857142857,38537.07142857143,6684.418285050969,5503.950822943049
37799,39790.71428571428,38522.28571428572,38820.03571428572,7228.640852292246,5735.375731061987
33328,40481.57142857143,38963.28571428572,38859.5,6677.421529730921,5723.995357427505
35425,40606.142857142855,39012.92857142857,38796.96428571428,6508.749378812356,5776.1551000140025
38684,41136.857142857145,39272.357142857145,38816.21428571428,5772.2640107260795,5763.5227612153485
47600,40717.28571428572,39384.57142857143,38744.25,5837.57974147634,5751.711002276061
51740,40664.142857142855,39582.0,38840.25,5761.729064224,5879.480845215761
39765,41664.0,39807.92857142857,38990.96428571428,7050.307061870879,6157.721563251205
34663,40620.142857142855,40205.42857142857,39027.107142857145,6645.465256563323,6159.242884804992
36195,40172.142857142855,40326.857142857145,39009.92857142857,6965.355062224533,6171.133564928751
36767,40581.71428571428,40593.92857142857,39097.892857142855,6568.842610239265,6110.3696095958685
40971,40773.42857142857,40955.142857142855,39066.607142857145,6410.944050531667,6120.32919315125
49166,41100.142857142855,40908.71428571428,39171.82142857143,6344.647992036823,6127.0783325217
50970,41323.857142857145,40994.0,39340.92857142857,6633.085265761089,6339.2759367388435
36775,41213.857142857145,41438.92857142857,39557.92857142857,6434.985895570417,6633.566528165494
32571,40786.71428571428,40703.42857142857,39612.857142857145,6643.058650809503,6602.758456743283
31281,40487.857142857145,40330.0,39646.642857142855,7001.836007519045,6562.670099181242
30823,39785.857142857145,40183.78571428572,39598.357142857145,7714.08033897692,6620.900577739948
36281,38936.71428571428,39855.07142857143,39563.71428571428,8398.553619806315,6665.6400590509775
46001,38266.71428571428,39683.42857142857,39534.0,8396.293005731464,6678.810994203685
46210,37814.57142857143,39569.21428571428,39575.607142857145,7773.674932255713,6716.586304119643
32784,37134.57142857143,39174.21428571428,39491.07142857143,6541.677304207301,6613.197668459347
31064,36564.42857142857,38675.57142857143,39440.5,6748.876347391537,6660.4029268617
29959,36349.142857142855,38418.5,39372.67857142857,6919.378571051291,6738.021102247927
30648,36160.28571428572,37973.07142857143,39283.5,7096.536519417664,6848.571867888179
35502,36135.28571428572,37536.0,39245.57142857143,7118.746184413042,6894.853063879355
44441,36024.0,37145.357142857145,39027.03571428572,7122.17675059154,6913.720692470287
44396,35801.142857142855,36807.857142857145,38900.92857142857,6773.848153710255,6775.338591668006
32893,35542.0,36338.28571428572,38888.607142857145,6329.392940875138,6764.629897840804
36730,35557.57142857143,36061.0,38382.21428571428,6321.606200356123,6659.232295632551
33900,36367.0,36358.07142857143,38344.03571428572,6005.17016134153,6665.760991159949
37215,36930.0,36545.142857142855,38364.46428571428,5464.693556519581,6650.678419764522
37334,37868.142857142855,37001.71428571428,38428.392857142855,4719.360317831615,6629.947540931411
48777,38129.857142857145,37076.92857142857,38380.17857142857,4615.939537030755,6632.92793319293
49888,38749.28571428572,37275.21428571428,38422.21428571428,5754.515204436869,6696.942648796513
37003,39533.857142857145,37537.92857142857,38356.07142857143,6910.901760469248,6568.449932307266
34544,40121.0,37839.28571428572,38257.42857142857,6409.036277007627,6567.246739345915
34746,39808.71428571428,38087.857142857145,38253.17857142857,6650.512103446999,6569.697078836419
34019,39929.57142857143,38429.78571428572,38201.42857142857,6531.867952766708,6592.178442998827
38093,39473.0,38670.57142857143,38103.28571428572,6856.852387697032,6634.6438563444335
46581,39581.42857142857,38855.642857142855,38000.5,6823.309677303293,6610.821596835375
46343,39267.71428571428,39008.5,37908.17857142857,6365.1640385849505,6465.572410588308
36836,38761.28571428572,39147.57142857143,37742.92857142857,5455.361115889741,6171.824689239711
33213,38737.42857142857,39429.21428571428,37745.107142857145,5464.6890993340885,6171.481125661116
32677,38547.28571428572,39178.0,37768.03571428572,5654.767154483767,6152.710125429769
30538,38251.71428571428,39090.642857142855,37817.892857142855,5933.7634688923845,6103.657503007605
34337,37754.42857142857,38613.71428571428,37807.71428571428,6469.309078439585,6115.979542738483
42043,37217.857142857145,38399.642857142855,37738.28571428572,6591.163084731231,6144.918369449316
43352,36569.57142857143,37918.642857142855,37596.92857142857,5676.445832183569,5991.411179399624
31859,36142.28571428572,37451.78571428572,37494.857142857145,4874.006624064898,5862.193185301797
28957,35431.28571428572,37084.357142857145,37461.82142857143,5113.092564332129,5892.253213321205
29525,34823.28571428572,36685.28571428572,37386.57142857143,5646.09347880714,5989.635526094191
29260,34373.0,36312.357142857145,37371.07142857143,5962.608741146775,6010.095124215281
33877,34190.42857142857,35972.42857142857,37321.5,6117.167586858661,6072.995956600728
42454,34124.71428571428,35671.28571428572,37263.46428571428,6117.801367438184,6098.737722963005
40665,34183.42857142857,35376.5,37192.5,6207.771764950305,6023.220145895868
32058,33799.57142857143,34970.92857142857,37059.25,5599.631293134178,5897.923593347313
29529,33828.0,34629.642857142855,37029.42857142857,5588.631615461272,5921.831970226596
31136,33909.71428571428,34366.5,36772.25,5509.156611626548,6089.31475573766
27034,34139.857142857145,34256.42857142857,36673.53571428572,5326.0656344864055,6159.599587047138
39727,33821.857142857145,34006.142857142855,36309.92857142857,5718.0151401388475,6421.3866964869885
47093,34657.57142857143,34391.142857142855,36395.392857142855,6139.393641534496,6451.375766795134
48373,35320.28571428572,34751.857142857145,36335.25,7267.899506604032,6338.536030445771
32972,36421.42857142857,35110.5,36281.142857142855,8662.697325451281,6223.9932204707275
34087,36552.0,35190.0,36137.17857142857,8592.570977303581,6253.228801860098
33030,37203.142857142855,35556.42857142857,36120.857142857145,8132.029706220764,6258.135615839862
31953,37473.71428571428,35806.78571428572,36059.57142857143,7925.400930221871,6280.460754674396
35460,38176.42857142857,35999.142857142855,35985.78571428572,7010.775987890408,6317.350044283645
45717,37566.857142857145,36112.21428571428,35891.75,7038.933996673331,6304.405030376542
43905,37370.28571428572,36345.28571428572,35860.892857142855,6741.494634334563,6252.045373992867
36396,36732.0,36576.71428571428,35773.82142857143,5649.150496608596,6116.155704080861
32275,37221.142857142855,36886.57142857143,35758.107142857145,5412.606871264246,6113.890392281824
29255,36962.28571428572,37082.71428571428,35724.607142857145,5626.578407116387,6130.898510304245
29468,36423.0,36948.357142857145,35602.392857142855,6216.294260516724,6227.250260179855
35775,36068.0,37122.21428571428,35564.17857142857,6574.734924948166,6262.661983140986
44587,36113.0,36839.92857142857,35615.53571428572,6570.956881104393,6258.120280333521
42589,35951.57142857143,36660.92857142857,35706.392857142855,6304.155927035815,6372.317470987945
32110,35763.57142857143,36247.78571428572,35679.142857142855,6041.596308293098,6339.960828914427
28522,35151.28571428572,36186.21428571428,35688.107142857145,6182.363051840434,6334.5344728792215
27915,34615.142857142855,35788.71428571428,35672.57142857143,6620.573273983935,6352.16311613361
28699,34423.71428571428,35423.357142857145,35615.07142857143,6817.822372632027,6416.829908045178
32863,34313.857142857145,35190.92857142857,35595.03571428572,6916.465629895352,6438.247791775872
40047,33897.857142857145,35005.42857142857,35558.82142857143,6901.493037224413,6451.108392009062
38446,33249.28571428572,34600.42857142857,35472.857142857145,5865.056200761863,6371.368041447358
28645,32657.428571428572,34210.5,35393.607142857145,4894.1600865093205,6317.970562224258
31293,32162.428571428572,33656.857142857145,35271.71428571428,5128.377711555667,6416.8577394763315
36139,32558.285714285714,33586.71428571428,35334.71428571428,4902.513189317144,6366.852748049381
19839,33733.142857142855,34078.42857142857,35513.392857142855,4579.0683342273605,6314.644122632935
26073,32467.428571428572,33390.642857142855,35256.42857142857,6859.270900446655,6800.205200763196
31546,31497.428571428572,32697.64285714286,34768.78571428572,7262.271496282296,6955.537167301631
38187,30283.0,31766.14285714286,34213.53571428572,6231.998796533907,6543.62580702634
37087,30246.0,31451.714285714286,33849.75,6175.973850333246,5986.7338317502
38024,31452.0,31807.214285714286,33996.71428571428,6619.553685861308,6014.8307377874735
31519,32413.571428571428,32485.928571428572,34137.32142857143,7066.405400606044,6062.8449687485445
35151,31753.571428571428,32743.35714285714,34083.357142857145,6873.5816926631705,6079.76702900566
36899,33941.0,33204.21428571428,34197.57142857143,4464.0854606514795,6068.29189114949
44450,35487.57142857143,33492.5,34248.96428571428,2877.1951536836755,6085.448737111401
40424,37331.0,33807.0,34203.71428571428,3887.3952290275924,6001.143365486436
33653,37650.57142857143,33948.28571428572,34079.392857142855,4057.7103912240245,5826.232925244796
31422,37160.0,34306.0,33981.42857142857,4335.289763479848,5808.8730304249275
30911,36216.857142857145,34315.21428571428,33950.96428571428,4808.3251217227735,5820.379104886843
31669,36130.0,33941.78571428572,34010.107142857145,4911.710360624547,5779.162154700079
36163,35632.57142857143,34786.78571428572,34088.71428571428,5195.501671546981,5729.851467644691
41528,35527.42857142857,35507.5,34102.57142857143,5172.999673211615,5734.547890917617
43097,35110.0,36220.5,33993.32142857143,4391.932072941611,5553.6961936512025
32474,35491.857142857145,36571.21428571428,34011.46428571428,5004.452565085448,5583.5660812658625
30338,35323.42857142857,36241.71428571428,34024.46428571428,5095.664198026346,5579.39719618092
31692,35168.57142857143,35692.71428571428,34089.32142857143,5248.17825082007,5523.338691431545
32411,35280.142857142855,35705.07142857143,34224.21428571428,5149.9635412486505,5411.961076460349
32123,35386.142857142855,35509.357142857145,34356.78571428572,5070.26828443923,5316.22032509693
40474,34809.0,35168.21428571428,34330.357142857145,5195.489389845761,5325.752273165964
34915,34658.42857142857,34884.21428571428,34345.607142857145,4979.076582966715,5343.310240050518
35289,33489.57142857143,34490.71428571428,34219.5,3367.4909976193762,5284.29447619181
31077,33891.71428571428,34607.57142857143,34456.78571428572,3393.977495225204,5172.6989613714895
20,33997.28571428572,34582.92857142857,34449.07142857143,3274.401050283112,5177.750612197979
32727,29472.714285714286,32376.428571428572,33159.107142857145,13355.208655730366,8299.394486343408
33095,29517.85714285714,32452.0,33619.392857142855,13367.324444686898,7880.091930932489
36490,29656.714285714286,32232.85714285714,33870.17857142857,13403.894890594125,7741.55177311502
34121,29087.571428571428,31873.0,34046.75,12944.748276902916,7742.959844749785
32293,28974.14285714286,31231.85714285714,33901.53571428572,12888.531496755446,7700.447161052333
34811,28546.14285714286,31218.928571428572,33730.32142857143,12692.127276761918,7680.26653209174
23845,29079.571428571428,31538.428571428572,33615.57142857143,12893.098565474775,7637.62333805278
32653,32483.14285714286,30977.928571428572,33341.5,4067.0198109742596,7850.369340214386
38870,32472.571428571428,30995.214285714286,33252.28571428572,4066.3764318757117,7843.234762836941
44616,33297.57142857143,31477.14285714286,33322.67857142857,4743.202218513797,7885.904903821544
45302,34458.42857142857,31773.0,33328.607142857145,6370.111245944936,7894.637745726125
32412,36055.71428571428,32514.928571428572,33502.82142857143,7561.744016523459,8107.954389014463
30952,36072.71428571428,32309.428571428572,33458.5,7552.0024654455065,8110.494557236521
32973,35521.42857142857,32300.5,33441.71428571428,7796.354144879563,8115.3503694571245
33197,36825.42857142857,34654.28571428572,33515.357142857145,6095.782964671616,8100.87773120131
32766,36903.142857142855,34687.857142857145,33569.92857142857,6036.907001342398,8093.122072698406
47798,36031.142857142855,34664.357142857145,33448.607142857145,6145.326311611958,8078.258486411579
46858,36485.71428571428,35472.07142857143,33672.53571428572,6951.05413382951,8391.348011083914
33714,36708.0,36381.857142857145,33806.857142857145,7296.2828664098815,8575.866736087526
30223,36894.0,36483.357142857145,33851.142857142855,7184.250250838037,8571.929722298322
31579,36789.857142857145,36155.642857142855,33847.03571428572,7289.257699486521,8573.702715742875
31190,36590.71428571428,36708.07142857143,33843.0,7428.623643589367,8574.781206581365
35240,36304.0,36603.57142857143,33799.392857142855,7617.760803980814,8585.43146886713
43233,36657.42857142857,36344.28571428572,33910.71428571428,7482.4455417807085,8583.097454610668
40427,36005.28571428572,36245.5,34009.25,6481.650039773436,8676.56401367117
32706,35086.57142857143,35897.28571428572,34206.107142857145,4965.424146271976,8760.00308362574
27854,34942.57142857143,35918.28571428572,34113.857142857145,5026.109126588955,8761.7773468134
28197,34604.142857142855,35697.0,33998.75,5458.058123196412,8824.100754205529
26244,34121.0,35355.857142857145,35005.07142857143,5902.095560053217,5941.3743698000135
30888,33414.42857142857,34859.21428571428,34773.53571428572,6569.75465947658,6155.8879100939075
40529,32792.71428571428,34725.07142857143,34694.71428571428,6574.122088773163,6192.198669276405
40197,32406.428571428572,34205.857142857145,34838.96428571428,5903.678538480419,6281.964103580772
30060,32373.571428571428,33730.07142857143,35055.96428571428,5852.013922777437,6360.693978455986
24000,31995.571428571428,33469.07142857143,34976.21428571428,5912.110701972772,6410.423105913174
24983,31445.0,33024.57142857143,34590.107142857145,6511.182227522131,6737.9547910232495
27017,30985.85714285714,32553.428571428572,34630.75,6881.196829732739,6673.86796407091
36489,31096.285714285714,32255.35714285714,34429.46428571428,6798.118311079078,6819.137327225952
45333,31896.428571428572,32344.571428571428,34344.42857142857,7092.752870762827,6776.424204158795
43897,32582.714285714286,32494.571428571428,34370.03571428572,8211.436186081897,6817.90436186709
37294,33111.28571428572,32742.428571428572,34319.857142857145,8875.49158665377,6739.18294154246
30577,34144.71428571428,33070.142857142855,34494.21428571428,8882.145362360106,6751.137727749877
31676,35084.28571428572,33264.642857142855,34480.82142857143,7926.630572828223,6758.792627514636
32389,36040.42857142857,33513.142857142855,34434.5,6833.371638684724,6773.936759538163
34255,36807.857142857145,33952.07142857143,34405.642857142855,5887.2439626866335,6781.121032714106
47108,36488.71428571428,34192.57142857143,34458.82142857143,5967.415596785737,6773.620805653593
48040,36742.28571428572,34662.5,34434.17857142857,6425.963526047669,6724.370762541025
33147,37334.142857142855,35222.71428571428,34476.392857142855,7322.959224898326,6808.438442486826
33533,36741.71428571428,35443.21428571428,34456.142857142855,7492.531208127307,6811.632423665596
36738,37164.0,36124.142857142855,34574.357142857145,7163.2396302231655,6764.001895734714
37483,37887.142857142855,36963.78571428572,34758.607142857145,6761.099452716508,6749.636820623581
33910,38614.857142857145,37711.357142857145,34983.357142857145,6331.160700023606,6731.155127406178
44965,38565.57142857143,37527.142857142855,34935.857142857145,6371.96853039785,6733.969132326967
43832,38259.42857142857,37500.857142857145,34997.71428571428,5929.241571992766,6820.408312188771
34557,37658.28571428572,37496.21428571428,35119.32142857143,4895.572820221849,6949.9229042010775
30710,37859.71428571428,37300.71428571428,35185.42857142857,4704.289876070021,6934.90443432551
30411,37456.42857142857,37310.21428571428,35287.42857142857,5228.791155934671,6843.479164049758
29703,36552.57142857143,37219.857142857145,35366.5,5879.976781619183,6770.92614979118
33326,35441.142857142855,37028.0,35490.03571428572,6388.124122895831,6628.375648635047
41488,35357.71428571428,36961.642857142855,35577.107142857145,6415.209628019055,6581.53100132702
44427,34861.0,36560.21428571428,35611.357142857145,5634.460577553085,6610.685582276996
31797,34946.0,36302.142857142855,35762.42857142857,5794.56377420537,6765.872506372465
29725,34551.71428571428,36205.71428571428,35824.46428571428,5918.029900630933,6719.454913310352
26351,34411.0,35933.71428571428,36028.92857142857,6035.150729959709,6427.066486690383
28890,33831.0,35191.78571428572,36077.78571428572,6647.644520179051,6344.659126687773
34198,33714.857142857145,34578.0,36144.67857142857,6738.27053549527,6254.829304912956
45496,33839.42857142857,34598.57142857143,36062.857142857145,6737.943921235482,6265.134468210712
46777,34412.0,34636.5,36068.67857142857,7610.075295291097,6274.136369983797
37201,34747.71428571428,34846.857142857145,36171.53571428572,8157.650268598292,6428.9235230592
30066,35519.71428571428,35035.71428571428,36168.21428571428,8087.269372585641,6428.346134617755
31278,35568.42857142857,34989.71428571428,36149.96428571428,8047.476102421643,6445.509878300541
32662,36272.28571428572,35051.642857142855,36135.75,7286.404159215186,6456.171773754338
34864,36811.142857142855,35263.0,36145.5,6770.691309572722,6450.507585540158
43485,36906.28571428572,35372.857142857145,36167.25,6732.422167251175,6444.921357592781
50090,36619.0,35515.5,36037.857142857145,6336.029355992583,6250.570253773212
37506,37092.28571428572,35920.0,36111.07142857143,7275.375012425707,6406.423760735503
34567,37135.857142857145,36327.78571428572,36266.75,7277.047717047776,6384.653676184387
34942,37778.857142857145,36673.642857142855,36303.67857142857,6726.248890938909,6371.2323539227455
33084,38302.28571428572,37287.28571428572,36239.53571428572,6262.6314680621,6375.736933337331
36946,38362.57142857143,37586.857142857145,36082.42857142857,6201.015504392328,6398.12086665598
44708,38660.0,37783.142857142855,36190.857142857145,6053.414821404506,6385.654603842643
45376,38834.71428571428,37726.857142857145,36181.67857142857,6230.9307681994815,6372.74743967578
32084,38161.28571428572,37626.78571428572,36236.82142857143,4930.845252566914,6447.636822632062
30095,37386.71428571428,37261.28571428572,36148.5,5449.521162887771,6488.309324384044
29384,36747.857142857145,37263.357142857145,36126.53571428572,6062.79672616994,6508.41146620987
28809,35953.857142857145,37128.07142857143,36089.857142857145,6672.046723172005,6544.6079174883225
33202,35343.142857142855,36852.857142857145,36057.92857142857,7156.5744232971065,6579.011233424356
41441,34808.28571428572,36734.142857142855,36053.5,7156.723894685456,6580.959749323975
44171,34341.57142857143,36588.142857142855,36051.82142857143,6477.859493617277,6579.528098881279
31843,34169.42857142857,36165.357142857145,36042.67857142857,6143.120837086593,6567.626083627072
28466,34135.0,35760.857142857145,36044.32142857143,6157.41506911246,6566.530376778401
27014,33902.28571428572,35325.07142857143,35999.357142857145,6362.905932414982,6615.532212930228
30210,33563.71428571428,34758.78571428572,36023.03571428572,6697.6437576779035,6580.814828992844
32918,33763.857142857145,34553.5,36070.17857142857,6551.2121379322125,6532.373229077492
41193,33723.28571428572,34265.78571428572,36024.46428571428,6556.149167366601,6550.414075020973
43156,33687.857142857145,34014.71428571428,35870.78571428572,6507.985900122276,6367.906966780075
30672,33542.857142857145,33856.142857142855,35741.46428571428,6241.33469776487,6171.970754846246
33708,33375.57142857143,33755.28571428572,35508.28571428572,6309.806755021438,6237.769727603231
33699,34124.42857142857,34013.357142857145,35638.357142857145,5929.63005752024,6157.538759230726
36604,35079.42857142857,34321.57142857143,35724.82142857143,5069.5446165358335,6110.86378723913
35685,35992.857142857145,34878.357142857145,35865.607142857145,4600.257544550118,6083.032932243748
46776,36388.142857142855,35055.71428571428,35894.92857142857,4406.822189460746,6080.004111405606
48790,37185.71428571428,35436.78571428572,36012.46428571428,5728.417079621125,6261.273894061422
36594,37990.57142857143,35766.71428571428,35966.03571428572,6968.609901004697,6156.971119718501
35248,38836.57142857143,36106.07142857143,35933.46428571428,6254.972098449414,6150.932073194086
35209,39056.57142857143,36590.5,35957.78571428572,6068.839204140607,6146.673712680607
33038,39272.28571428572,37175.857142857145,35967.32142857143,5870.254983510365,6145.246437836818
38439,38762.857142857145,37377.857142857145,35965.67857142857,6280.781650627321,6146.051903780859
46155,39156.28571428572,37772.21428571428,36019.0,6140.541309316979,6161.329335880792
46083,39067.57142857143,38126.642857142855,36070.67857142857,6015.318635426889,6242.442643077825
35751,38680.857142857145,38335.71428571428,36095.92857142857,5334.606121935359,6282.7752650995
36396,38560.42857142857,38698.5,36226.892857142855,5398.698974664854,6234.07991571352
34228,38724.42857142857,38890.5,36451.92857142857,5297.7982803280975,6117.164230011422
33193,38584.28571428572,38928.28571428572,36624.92857142857,5417.90475227847,5976.757710954137
38905,38606.42857142857,38684.642857142855,36781.5,5391.712710482698,5819.7844843640405
47819,38673.0,38914.642857142855,36985.17857142857,5392.177760422937,5789.588106973816
38934,38910.71428571428,38989.142857142855,37212.96428571428,5798.375080264151,6089.1112498863085
31626,37889.42857142857,38285.142857142855,37025.92857142857,4881.676790377872,5946.223961651323
30678,37300.142857142855,37930.28571428572,37018.17857142857,5403.8792679756325,5953.366436722515
30437,36483.28571428572,37603.857142857145,37097.17857142857,5966.238058561548,5849.446951088438
30792,35941.71428571428,37263.0,37219.42857142857,6363.884288553253,5663.730699737883
33427,35598.71428571428,37102.57142857143,37240.21428571428,6597.15498565568,5638.063361731526
42377,34816.142857142855,36744.57142857143,37258.392857142855,6463.134106313297,5624.415336458009
43440,34038.71428571428,36474.71428571428,37300.67857142857,4734.520662618508,5659.434051364673
31508,34682.42857142857,36285.92857142857,37310.82142857143,5715.678579053176,5670.560198686822
29865,34665.57142857143,35982.857142857145,37340.67857142857,5726.359252239943,5636.408286696284
28883,34549.42857142857,35516.357142857145,37203.42857142857,5828.056819019012,5773.270531019532
33859,34327.42857142857,35134.57142857143,37031.42857142857,6036.6772553876035,5950.56107176315
38951,34765.57142857143,35182.142857142855,36933.392857142855,5845.585509799739,5980.4009548430595
46542,35554.71428571428,35185.42857142857,37050.03571428572,6005.442440383691,5986.9969562571805
45139,36149.71428571428,35094.21428571428,37041.67857142857,6929.294377599228,5973.064937258671
35820,36392.42857142857,35537.42857142857,36911.28571428572,7249.567156208753,5742.499525836529
33611,37008.42857142857,35837.0,36883.642857142855,6942.03600915327,5745.945302844466
32146,37543.57142857143,36046.5,36825.17857142857,6424.69827714739,5771.475573912143
31819,38009.71428571428,36168.57142857143,36715.78571428572,5777.3659428925685,5831.95452502937
36363,37718.28571428572,36241.92857142857,36672.25,6065.884703659883,5864.883122986874
42843,37348.57142857143,36451.642857142855,36598.107142857145,6057.091404767968,5854.834560330117
38180,36820.142857142855,36484.92857142857,36479.82142857143,5225.6593978996425,5685.615677619958
37922,35826.0,36109.21428571428,36197.57142857143,3863.778030201317,5379.133342205554
33844,36126.28571428572,36567.357142857145,36275.107142857145,3944.0812920241565,5388.097089636979
32817,36159.57142857143,36851.57142857143,36183.96428571428,3920.2269006245865,5407.525644069552
33522,36255.42857142857,37132.57142857143,36133.57142857143,3812.4528787095396,5432.9432540858
34589,36498.71428571428,37108.5,36145.32142857143,3525.7197711618555,5426.700225487085
40019,36245.28571428572,36796.92857142857,35991.17857142857,3600.0742452660998,5406.669626342329
43020,35841.857142857145,36331.0,35712.607142857145,2808.766361979968,4956.922554399804
32314,36533.28571428572,36179.642857142855,35858.53571428572,3874.001364407126,5112.959377040839
29926,35732.142857142855,35929.21428571428,35883.107142857145,4111.535699653296,5093.4817338712855
29083,35172.42857142857,35666.0,35856.25,4643.662450305866,5123.836110839295
30386,34639.0,35447.21428571428,35807.892857142855,5146.566492980188,5182.924152047088
33425,34191.0,35344.857142857145,35793.392857142855,5390.706076201867,5198.022518151144
38386,34024.71428571428,35135.0,35793.32142857143,5394.334488278262,5198.056253907135
35965,33791.42857142857,34816.642857142855,35650.78571428572,5120.245171771305,5063.824483216753
33459,32783.57142857143,34658.42857142857,35383.82142857143,3409.518874032038,4829.592077349588
28912,32947.142857142855,34339.642857142855,35453.5,3410.7020503395224,4785.475374041285
28109,32802.28571428572,33987.357142857145,35419.46428571428,3577.8373222886544,4829.877565215662
27689,32663.14285714286,33651.07142857143,35391.82142857143,3760.847396911617,4870.7155687964805
33740,32277.85714285714,33234.42857142857,35171.46428571428,4150.932442579244,5077.797739922906
40692,32322.85714285714,33173.78571428572,34985.357142857145,4167.117126126513,5029.406865951537
44602,32652.285714285714,33221.857142857145,34776.42857142857,4773.3702180005885,4637.810582021331
37312,33886.142857142855,33334.857142857145,34757.25,6555.851722661485,4594.277508387377
38357,34436.57142857143,33691.857142857145,34810.53571428572,6674.683459589229,4615.662646396936
32899,35785.857142857145,34294.07142857143,34980.03571428572,6316.819648857346,4656.939469318827
35655,36470.142857142855,34566.642857142855,35006.92857142857,5560.805440118987,4642.117978686278
37457,37608.142857142855,34943.0,35143.92857142857,4083.0140594325153,4600.972432871377
44347,38139.142857142855,35231.0,35183.0,3721.8411854247074,4616.327697142767
45279,38661.28571428572,35656.78571428572,35236.71428571428,4344.04936721047,4716.423267038536
38256,38758.0,36322.07142857143,35490.25,4502.983640506198,5058.8764279198385
33658,38892.857142857145,36664.71428571428,35502.17857142857,4466.448120097623,5065.212547575513
34644,38221.57142857143,37003.71428571428,35495.53571428572,4893.144314826008,5067.589144693758
35077,38470.857142857145,37470.5,35560.78571428572,4613.231240268611,5043.528162184815
38356,38388.28571428572,37998.21428571428,35616.32142857143,4676.767106819449,5028.786776988333
44984,38516.71428571428,38327.92857142857,35750.857142857145,4659.241630504728,5050.6268676881855
42494,38607.71428571428,38634.5,35928.17857142857,4796.29686022752,5287.623355034756
35203,38209.857142857145,38483.92857142857,35909.392857142855,4233.121638876397,5262.368635392423
33542,37773.71428571428,38333.28571428572,36012.57142857143,4382.2260216426175,5217.393264475133
32269,37757.142857142855,37989.357142857145,36141.71428571428,4400.564525473626,5104.691334355842
33120,37417.857142857145,37944.357142857145,36255.5,4757.661520417033,4975.393284287518
37996,37138.28571428572,37763.28571428572,36353.142857142855,4970.863463366131,4881.886055646677
42420,37086.857142857145,37801.78571428572,36516.392857142855,4958.010905883216,4856.704616181221
42460,36720.57142857143,37664.142857142855,36660.46428571428,4332.620910301373,4972.668316292817
33158,36715.71428571428,37462.78571428572,36892.42857142857,4325.08230034547,5089.149499114624
30641,36423.57142857143,37098.642857142855,36881.67857142857,4509.427452834861,5096.982550007344
28821,36009.142857142855,36883.142857142855,36943.42857142857,4931.903568554797,5006.5245092155155
29356,35516.57142857143,36467.21428571428,36968.857142857145,5506.426241436515,4961.598381303599
34078,34978.857142857145,36058.57142857143,37028.392857142855,5945.719873112381,4854.978272364591
39930,34419.142857142855,35753.0,37040.46428571428,5796.909246272835,4846.9126827530945
40211,34063.42857142857,35392.0,37013.25,5277.231656122423,4827.752161739993
33449,33742.142857142855,35228.92857142857,36856.42857142857,4719.863960912801,4639.7718289091135
37739,33783.71428571428,35103.642857142855,36718.46428571428,4715.140638209523,4682.956089845172
37869,34797.71428571428,35403.42857142857,36696.392857142855,4689.803965849205,4676.39918724499
47028,36090.28571428572,35803.42857142857,36873.892857142855,3957.7363780442683,4620.917788742563
38593,38614.857142857145,36796.857142857145,37280.07142857143,4539.655399130744,4994.547085302289
40782,39259.857142857145,36839.5,37320.642857142855,4085.667160067854,5000.6477522216
45490,39381.57142857143,36722.5,37193.32142857143,4121.492118846531,4858.487426971725
37635,40135.71428571428,36938.92857142857,37200.857142857145,4735.750757598529,4871.638972166583
36448,40733.71428571428,37258.71428571428,37178.67857142857,3949.7301053061487,4868.069699229957
37214,40549.28571428572,37673.5,37278.32142857143,4138.50100536757,4821.66975883122
35179,40455.71428571428,38273.0,37370.107142857145,4215.883723660839,4794.047538657711
40253,38763.0,38688.92857142857,37373.75,3445.6217629526755,4792.278964743802
47696,39000.142857142855,39130.0,37441.5,3488.8249898101194,4820.008686791005
43675,39987.857142857145,39684.71428571428,37538.357142857145,4807.030595165473,5001.036368255461
36281,39728.57142857143,39932.142857142855,37580.53571428572,4499.927808944723,5049.1290960230845
35815,39535.142857142855,40134.42857142857,37619.03571428572,4632.078490576008,5034.417245191072
33011,39444.71428571428,39997.0,37700.21428571428,4707.948552334481,4984.317794674301
32430,38844.28571428572,39650.0,37726.71428571428,5273.861163457789,4956.265857344343
36449,38451.57142857143,38607.28571428572,37702.07142857143,5679.067407510444,4981.6693091593415
42480,37908.142857142855,38454.142857142855,37646.82142857143,5659.92910522652,4986.864628078756
42689,37163.0,38575.42857142857,37648.96428571428,4347.831835141104,4989.004060651362
33451,37022.142857142855,38375.357142857145,37657.142857142855,4111.234544050033,4997.3636880547165
31512,36617.857142857145,38076.5,37667.607142857145,4329.6100066315,4987.89151875921
30939,36003.142857142855,37723.92857142857,37698.71428571428,4747.863008012864,4944.97824477215
30525,35707.142857142855,37275.71428571428,37774.357142857145,5022.159742201586,4818.734967036442
33848,35435.0,36943.28571428572,37816.107142857145,5274.609590607931,4747.635733938456
39008,35063.42857142857,36485.78571428572,37807.892857142855,5282.880428236802,4754.536845763727
42214,34567.42857142857,35865.21428571428,37774.96428571428,4587.754601732107,4742.472846773186
32632,34499.57142857143,35760.857142857145,37846.5,4449.023370626503,4795.390522080477
30705,34382.57142857143,35500.21428571428,37817.32142857143,4491.758225058513,4825.529954036303
30334,34267.28571428572,35135.21428571428,37566.107142857145,4587.059105581166,5009.350156267302
31840,34180.857142857145,34944.0,37297.0,4665.255063715558,5191.555857565457
43129,34368.71428571428,34901.857142857145,36754.57142857143,4517.649046214386,4923.710182136222
47011,35694.57142857143,35379.0,36916.57142857143,5577.052682111534,5059.196177029699
47572,36837.857142857145,35702.642857142855,37139.03571428572,7006.593690435956,5363.276365156619
35799,37603.28571428572,36051.42857142857,37213.392857142855,7924.349346881948,5496.130385127107
36238,38055.71428571428,36219.142857142855,37147.82142857143,7679.8524229372415,5501.86330089598
34547,38846.142857142855,36556.71428571428,37140.32142857143,7056.656938158245,5502.995629005816
34577,39448.0,36814.42857142857,37045.07142857143,6354.38001171893,5524.711488552683
38980,39839.0,37103.857142857145,37023.57142857143,5874.28977267321,5533.4069970235305
45258,39246.28571428572,37470.42857142857,36978.107142857145,5693.538610105463,5511.074838630309
43249,38995.857142857145,37916.857142857145,36891.03571428572,5321.484925236898,5352.443737363353
36122,38378.28571428572,37990.78571428572,36875.82142857143,4316.218395551247,5333.016359008258
36672,38424.42857142857,38240.07142857143,36870.142857142855,4285.667075930423,5333.757779737472
34419,38486.42857142857,38666.28571428572,36900.75,4251.76986117319,5329.936241888129
34536,38468.142857142855,38958.07142857143,36951.03571428572,4271.764250227715,5298.42770166663
38258,38462.28571428572,39150.642857142855,37026.25,4278.012260941014,5246.566098323173
44555,38359.142857142855,38802.71428571428,37090.857142857145,4272.149514727945,5250.331289119061
46673,38258.71428571428,38627.28571428572,37164.96428571428,4087.2032701381886,5343.04053735908
35379,38747.857142857145,38563.07142857143,37307.25,4906.692892657629,5544.831177505499
31959,38641.71428571428,38533.07142857143,37376.107142857145,4980.445418978941,5507.011869320419
31847,37968.42857142857,38227.42857142857,37392.07142857143,5574.267062647251,5490.004431817487
32399,37601.0,38034.57142857143,37424.5,5921.192700799367,5453.032642484362
37116,37295.71428571428,37879.0,37491.42857142857,6155.99059762886,5376.173018797137
44673,37132.57142857143,37745.857142857145,37608.142857142855,6141.353212909511,5329.416386047633
47443,37149.42857142857,37704.07142857143,37810.46428571428,6165.237812583873,5489.649482719429
34667,37259.42857142857,38003.642857142855,37997.21428571428,6367.04331845224,5728.7348830076235
31402,37157.71428571428,37899.71428571428,38069.892857142855,6407.647740897455,5670.762548104455
29506,37078.142857142855,37523.28571428572,38094.78571428572,6485.946253980485,5638.674623343372
29976,36743.71428571428,37172.357142857145,38065.21428571428,6850.724869537157,5682.880564285731
37693,36397.57142857143,36846.642857142855,37998.642857142855,7161.020617601512,5768.774683518706
43237,36480.0,36806.28571428572,37804.5,7173.977650741113,5680.519176194294
39210,36274.857142857145,36712.142857142855,37669.71428571428,6916.561607922691,5495.748463549179
43256,35098.71428571428,36179.07142857143,37371.07142857143,5183.907976108516,5154.314078938011
34299,36325.71428571428,36741.71428571428,37637.392857142855,6014.616106183466,5261.610669742401
37397,36739.57142857143,36908.857142857145,37568.142857142855,5711.381994378766,5293.374808921512
31483,37866.857142857145,37305.28571428572,37669.92857142857,4742.213808921266,5260.4286258861375
35966,38082.142857142855,37239.857142857145,37559.42857142857,4341.5650184609185,5359.37027415066
46017,37835.42857142857,37157.71428571428,37451.78571428572,4415.798789843202,5360.0494010793
45953,38232.57142857143,37253.71428571428,37478.892857142855,5060.513045701398,5402.738807098197
35580,39195.857142857145,37147.28571428572,37575.46428571428,5856.719344154223,5532.309359619098
34167,38099.28571428572,37212.5,37556.107142857145,5685.938055539149,5538.527992294393
31792,38080.42857142857,37410.0,37466.642857142855,5700.841454181482,5573.459549436628
34480,37279.71428571428,37573.28571428572,37372.82142857143,6185.828096390566,5648.271325541223
38359,37707.857142857145,37895.0,37370.82142857143,5810.051274259423,5649.322837516613
47579,38049.71428571428,37942.57142857143,37374.42857142857,5760.671711825655,5649.942500058583
45747,38272.857142857145,38252.71428571428,37482.42857142857,6138.581905417861,5818.667395028542
36559,38243.42857142857,38719.642857142855,37449.357142857145,6095.972464317243,5766.897716721899
31037,38383.28571428572,38241.28571428572,37491.5,6035.613879694563,5755.508083244805
29831,37936.142857142855,38008.28571428572,37458.57142857143,6498.2446457632095,5790.861999600119
28861,37656.0,37467.857142857145,37386.57142857143,6840.5237372587,5875.136540122226
34832,36853.28571428572,37280.57142857143,37260.21428571428,7566.496188555721,6022.573710676282
43032,36349.42857142857,37199.57142857143,37178.642857142855,7566.9512102991175,6040.04156972625
44402,35699.857142857145,36986.357142857145,37120.03571428572,6572.067011947113,5972.210289283019
31510,35507.71428571428,36875.57142857143,37011.42857142857,6240.675276343221,5802.7775049959255
29410,34786.42857142857,36584.857142857145,36898.67857142857,6388.934623162709,5880.172402697875
29001,34554.0,36245.07142857143,36827.53571428572,6574.959087325152,5960.638348129815
29511,34435.42857142857,36045.71428571428,36809.5,6680.957861892301,5984.329304293187
33127,34528.28571428572,35690.78571428572,36792.892857142855,6594.525171541529,6004.606203137877
40839,34284.71428571428,35317.07142857143,36629.82142857143,6612.899558546776,6041.145881331105
42924,33971.42857142857,34835.642857142855,36544.17857142857,6166.296318351385,5960.468475582491
31473,33760.28571428572,34634.0,36676.82142857143,5761.639052511718,6062.443163863834
29990,33755.0,34270.71428571428,36256.0,5764.0639887726975,5997.445412963876
34602,33837.857142857145,34195.92857142857,36102.107142857145,5694.9501732842255,6103.861172267716
34249,34638.0,34536.71428571428,36002.28571428572,5280.496693809485,6104.754812664574
41836,35314.857142857145,34921.57142857143,36101.07142857143,4795.138420962428,6051.059508870669
47199,36559.0,35421.857142857145,36310.71428571428,5241.87402875469,6147.128898365614
48361,37467.57142857143,35719.5,36352.92857142857,6506.101568454586,6219.881849113468
37719,38244.28571428572,36002.28571428572,36438.92857142857,7512.737222306408,6372.314062664164
33151,39136.57142857143,36445.78571428572,36515.32142857143,6922.183202264582,6374.4567120923
33185,39588.142857142855,36713.0,36479.03571428572,6301.317333927629,6391.189059265091
33738,39385.71428571428,37011.857142857145,36528.78571428572,6507.577345276932,6358.6922156306355
35001,39312.71428571428,37313.78571428572,36502.28571428572,6577.295764326569,6369.0844731762645
44561,38336.28571428572,37447.642857142855,36382.357142857145,6647.241751641168,6364.441584502102
46735,37959.42857142857,37713.5,36274.57142857143,6114.465794522083,6190.988794527753
33557,37727.142857142855,37985.71428571428,36309.857142857145,5668.045237074544,6249.51565954002
32451,37132.57142857143,38134.57142857143,36202.642857142855,5883.250798018095,6270.797499132964
34193,37032.57142857143,38310.357142857145,36253.142857142855,5967.551699458824,6233.237923894208
29936,37176.57142857143,38281.142857142855,36408.92857142857,5870.608255173725,6120.271773973893
33430,36633.42857142857,37973.07142857143,36447.32142857143,6394.285465870853,6074.3691155638835
43755,36409.0,37372.642857142855,36397.25,6488.01297265449,6093.924385538979
43456,36293.857142857145,37126.642857142855,36423.07142857143,6324.3139398296335,6124.533535849566
32233,35825.42857142857,36776.28571428572,36389.28571428572,5488.237873159341,6081.344940530363
29367,35636.28571428572,36384.42857142857,36415.107142857145,5601.099288362495,6061.36224964558
27926,35195.71428571428,36114.142857142855,36413.57142857143,6000.459085611272,6063.207972734803
28506,34300.42857142857,35738.5,36375.17857142857,6611.424578135984,6115.0652947882545
32790,34096.142857142855,35364.78571428572,36339.28571428572,6788.478558768288,6159.634391850688
40753,34004.71428571428,35206.857142857145,36327.25,6803.239368474516,6166.469009595058
40197,33575.857142857145,34934.857142857145,36324.17857142857,6149.366564359029,6164.159526702312
31203,33110.28571428572,34467.857142857145,36226.78571428572,5347.7918718627725,6076.947347434567
28340,32963.142857142855,34299.71428571428,36217.142857142855,5389.957001330355,6084.978911155428
27563,32816.42857142857,34006.07142857143,36158.21428571428,5516.646773090267,6155.103226604627
30235,32764.571428571428,33532.5,35906.82142857143,5571.710475163552,6361.310533818634
32850,33011.57142857143,33553.857142857145,35763.46428571428,5386.711794070719,6444.7368333027425
44249,33020.142857142855,33512.42857142857,35442.53571428572,5386.348188663953,6354.245611791655
46072,33519.57142857143,33547.71428571428,35337.17857142857,6306.354357765977,6173.996736934019
38564,34358.857142857145,33734.57142857143,35255.42857142857,7601.153847247368,6008.086232727867
31952,35410.42857142857,34186.78571428572,35285.607142857145,7600.969386798455,6023.022695914619
30832,35926.42857142857,34371.42857142857,35242.78571428572,7150.225983774729,6042.990156077948
33223,36393.42857142857,34579.0,35158.75,6598.409299650482,6088.8529700380095
34763,36820.28571428572,34915.92857142857,35140.357142857145,6219.377747928506,6094.079240841125
44270,37093.57142857143,35056.857142857145,35131.857142857145,6055.719303742039,6094.446784447753
47415,37096.57142857143,35308.07142857143,35121.46428571428,6059.858685292419,6077.997656892911
34449,37288.42857142857,35823.642857142855,35145.75,6402.933048146553,6127.278996271355
32588,36700.57142857143,36055.5,35177.607142857145,6454.992250373399,6121.028449892346
30490,36791.42857142857,36358.92857142857,35182.5,6381.066756615279,6118.822565869396
28711,36742.57142857143,36568.0,35050.25,6435.37853994469,6180.706070327057
34739,36098.0,36459.142857142855,35006.5,7043.8511246807575,6222.442616136454
44383,36094.57142857143,36594.07142857143,35053.25,7044.615032234243,6215.07246538606
43516,36110.71428571428,36603.642857142855,35075.67857142857,7066.566792870138,6248.680133546253
31811,35553.71428571428,36421.07142857143,35077.82142857143,6116.88694555994,6251.670005352175
28014,35176.857142857145,35938.71428571428,35062.75,6275.497362190255,6259.286301908486
28047,34523.42857142857,35657.42857142857,35014.42857142857,6805.717715204425,6309.903693745142
28247,34174.42857142857,35458.5,35018.75,7103.165206608999,6304.908737994897
32863,34108.142857142855,35103.07142857143,35009.5,7164.546238913077,6314.999466291285
42402,33840.142857142855,34967.357142857145,35012.107142857145,7172.098354702306,6314.064209362069
40630,33557.142857142855,34833.92857142857,35071.0,6711.022113622002,6376.971114298115
31598,33144.857142857145,34349.28571428572,35086.46428571428,6053.697532047956,6390.3730980288265
31888,33114.42857142857,34145.642857142855,35100.57142857143,6062.049072086159,6381.912986329358
36903,33667.857142857145,34095.642857142855,35227.28571428572,5683.842697464764,6277.070759737481
21844,34933.0,34553.71428571428,35560.857142857145,5188.198402785533,6100.379021098456
26354,34018.28571428572,34063.21428571428,35261.17857142857,6858.897207624679,6560.452971339204
34456,33088.42857142857,33464.28571428572,35029.17857142857,7456.775171103169,6760.683293614691
35805,31953.285714285714,32755.214285714286,34679.42857142857,6320.980533490169,6514.891678861708
34305,31264.0,32204.428571428572,34312.75,5415.306978063795,6127.33554941992
30569,31650.714285714286,32382.571428571428,34160.642857142855,5538.390070356938,6070.4921224284235
32605,31462.285714285714,32565.071428571428,34111.25,5551.393990530217,6094.706565567394
31516,30848.285714285714,32890.642857142855,34174.57142857143,5065.788905796906,6068.528831594534
36963,32230.0,33124.142857142855,34113.607142857145,3161.6990158246285,6086.988511262636
43815,33745.57142857143,33417.0,34192.17857142857,2301.2047465868864,6109.837417086272
42527,35082.57142857143,33517.92857142857,34175.92857142857,4474.910794535164,6082.585560912403
33114,36042.857142857145,33653.42857142857,34001.357142857145,5300.810203122114,5749.576307831443
32667,35872.71428571428,33761.71428571428,33953.67857142857,5384.343807567913,5751.261749187902
31898,36172.42857142857,33817.357142857145,33956.5,5090.2745131326,5750.586305052015
26115,36071.42857142857,33459.857142857145,34006.78571428572,5179.095057927333,5725.2512631722075
33502,35299.857142857145,33764.92857142857,33914.07142857143,6260.317309012661,5834.170745787718
40036,34805.42857142857,34275.5,33869.892857142855,6243.723057523239,5832.375955336853
42006,34265.57142857143,34674.07142857143,33714.642857142855,5447.489417372068,5595.199776093028
34127,34191.142857142855,35117.0,33660.71428571428,5317.817548223161,5503.761689077632
29936,34335.857142857145,35104.28571428572,33743.42857142857,5297.3638547416695,5492.3246675672945
30152,33945.71428571428,35059.07142857143,33812.07142857143,5535.951610888135,5429.720154637059
32367,33696.28571428572,34883.857142857145,33887.25,5681.0238723398215,5361.080837853495
29834,34589.42857142857,34944.642857142855,34034.392857142855,4696.654336054619,5256.053232292055
38421,34065.42857142857,34435.42857142857,33926.21428571428,5030.920056912783,5311.929435031235
38488,33834.71428571428,34050.142857142855,33784.03571428572,4740.105755300009,5126.7135851208195
33736,33332.142857142855,33761.642857142855,33707.53571428572,3828.1136968734595,5035.953618782547
34862,33276.28571428572,33806.07142857143,33783.892857142855,3817.420364342254,5018.963286334803
29617,33980.0,33962.857142857145,33890.107142857145,3543.2253197710097,5008.813789779749
20,33903.57142857143,33799.92857142857,33629.892857142855,3643.8983180627665,5035.679441002933
32909,29282.571428571428,31936.0,32850.46428571428,13391.09059358923,7837.174469497526
32594,29721.85714285714,31893.64285714286,33084.57142857143,13462.441277229655,7733.141771710614
31894,28889.428571428572,31362.071428571428,33018.07142857143,13007.353738778458,7728.916425076676
29990,27947.428571428572,30639.785714285714,32878.392857142855,12421.961974089034,7712.006773180158
29417,27412.285714285714,30344.285714285714,32724.285714285714,12209.905332888331,7725.544309516761
33450,26634.428571428572,30307.214285714286,32683.14285714286,11823.535382971568,7740.500575803937
26452,27182.0,30542.785714285714,32713.321428571428,12070.855907239262,7741.831753070915
39633,30958.0,30120.285714285714,32532.464285714286,2489.471095098923,7829.492195264914
41085,31918.571428571428,30820.214285714286,32627.821428571428,4126.64390908407,7901.380456292386
39647,33131.57142857143,31010.5,32530.321428571428,5407.444956019494,7774.039619397895
34691,34239.142857142855,31093.285714285714,32427.464285714286,5884.655057253304,7655.017688646577
32682,34910.71428571428,31161.5,32483.785714285714,5579.230732944134,7666.049324696337
29165,35377.142857142855,31005.785714285714,32484.321428571428,5164.46633024074,7666.063126261095
29029,34765.0,30973.5,32386.714285714286,5661.037625736095,7691.162570972065
34385,35133.142857142855,33045.57142857143,32490.785714285714,5084.7993217881185,7622.564180977529
43946,34383.42857142857,33151.0,32522.321428571428,4681.659387337717,7628.726737378775
45066,34792.142857142855,33961.857142857145,32661.964285714286,5429.395129863937,7805.1046851932315
35574,35566.28571428572,34902.71428571428,32771.25,6514.821709361024,7960.656685293685
30324,35692.42857142857,35301.57142857143,32822.92857142857,6503.588262314433,7974.468638648157
31059,35355.57142857143,35366.357142857145,32836.78571428572,6742.192987872275,7969.6018830681305
33063,35626.142857142855,35195.57142857143,32869.17857142857,6485.469487723327,7960.122905498058
34889,36202.42857142857,35667.78571428572,32894.03571428572,5959.454081741109,7959.583352589841
45169,36274.42857142857,35328.92857142857,33074.57142857143,5936.8386328399365,7944.920503662936
40724,36449.142857142855,35620.642857142855,33315.57142857143,6211.857409518531,8210.995800251389
34412,35828.857142857145,35697.57142857143,33395.42857142857,5367.4005324915215,8273.797195468715
28363,35662.857142857145,35677.642857142855,33419.57142857143,5394.49674602339,8275.813821136644
28109,35382.71428571428,35369.142857142855,33187.46428571428,5756.716793285479,8324.852126290478
25795,34961.28571428572,35293.71428571428,33133.607142857145,6215.678153247778,8353.634752650354
32221,33923.0,35062.71428571428,34054.142857142855,7125.996702216457,5503.413538107825
42181,33541.857142857145,34908.142857142855,34029.57142857143,7137.059768760309,5510.247325420294
42623,33115.0,34782.07142857143,34371.96428571428,6374.357771571959,5711.906644649901
30358,33386.28571428572,34607.57142857143,34755.142857142855,6779.68329433082,5896.410877652197
27873,32807.142857142855,34235.0,34768.28571428572,6850.245894091951,5885.796763818256
28104,32737.14285714286,34059.92857142857,34713.142857142855,6905.50834306862,5944.7264567432
28225,32736.428571428572,33848.857142857145,34522.21428571428,6906.067087644564,6071.299808096144
37440,33083.57142857143,33503.28571428572,34585.53571428572,6550.936010910766,5992.750796569825
50828,33829.142857142855,33685.5,34507.21428571428,6730.922161402328,5938.424746588896
40385,35064.42857142857,34089.71428571428,34855.17857142857,8947.60666057582,6588.04347426328
35006,34744.71428571428,34065.5,34881.53571428572,8668.130781090873,6609.366179519293
37405,35408.71428571428,34107.92857142857,34892.78571428572,8451.40701726218,6609.297936365111
33992,36770.42857142857,34753.78571428572,35061.46428571428,7775.774234915824,6611.054426360955
34647,37611.57142857143,35174.0,35233.857142857145,6957.44231877257,6513.821258389217
36809,38529.0,35806.28571428572,35434.5,5848.436486218615,6401.167014548835
50836,38438.857142857145,36134.0,35521.07142857143,5872.8308741347455,6402.83880286312
49719,38440.0,36752.21428571428,35767.142857142855,5875.643737781686,6855.042727339538
39170,39773.42857142857,37259.07142857143,35933.32142857143,7281.54893909124,7139.316898817836
35464,40368.28571428572,37888.5,36061.75,6991.476899632512,7164.911886589568
35701,40091.0,38430.71428571428,36245.32142857143,7164.928936609663,7077.776790791331
38570,40335.142857142855,38973.357142857145,36411.107142857145,6948.312731125709,7005.795840478474
36936,40895.57142857143,39712.28571428572,36607.78571428572,6560.443299481681,6985.592640926997
41614,40913.71428571428,39676.28571428572,36680.892857142855,6547.42103717907,6977.645449944569
44007,39596.28571428572,39018.142857142855,36553.92857142857,4951.458597029268,6848.6270531565215
37147,38780.28571428572,39276.857142857145,36671.17857142857,3147.1075987476274,6950.016104716591
30697,38491.28571428572,39429.78571428572,36768.857142857145,3197.833001387303,6936.2945370537545
28505,37810.28571428572,38950.642857142855,36852.21428571428,4275.841426522004,6844.958595536063
28808,36782.28571428572,38558.71428571428,36866.357142857145,5544.34678191174,6826.609050398593
33119,35387.71428571428,38141.642857142855,36973.96428571428,6207.766525739759,6667.521920041408
42109,34842.42857142857,37878.07142857143,37006.03571428572,6216.734294282983,6645.937748296523
43759,34913.142857142855,37254.71428571428,37003.46428571428,6308.73189657454,6643.874915105341
31522,34877.71428571428,36829.0,37044.03571428572,6249.5700309244,6682.816513584123
29780,34074.142857142855,36282.71428571428,37085.607142857145,6270.749886804368,6643.187551164497
29227,33943.142857142855,35876.71428571428,37153.71428571428,6361.973840158178,6554.422560418953
29223,34046.28571428572,35414.28571428572,37193.82142857143,6264.2158784183375,6500.2071707928935
33566,34105.57142857143,34746.642857142855,37229.46428571428,6208.08944998761,6451.762271355362
44154,34169.42857142857,34505.92857142857,37091.107142857145,6198.541733266581,6488.514161588316
45186,34461.57142857143,34687.357142857145,36852.75,6665.695233985784,6074.578074816133
35398,34665.42857142857,34771.57142857143,37024.21428571428,7010.340501885824,6243.386227201584
34387,35219.142857142855,34646.642857142855,37038.21428571428,6872.391200268189,6239.131078848036
31774,35877.28571428572,34910.21428571428,36930.42857142857,6473.724937887645,6258.598638723749
32819,36241.142857142855,35143.71428571428,36851.21428571428,6098.34126159376,6310.984640891307
35937,36754.857142857145,35430.21428571428,36785.92857142857,5533.955981892485,6344.000028773583
44229,37093.57142857143,35631.5,36754.78571428572,5376.569564853978,6346.022588450308
47379,37104.28571428572,35782.92857142857,36518.82142857143,5393.033893035382,5910.970153208038
36020,37417.57142857143,36041.5,36435.25,5973.238927559661,5731.2384649910055
33597,37506.42857142857,36362.78571428572,36322.75,5942.737412369887,5706.431547758995
32891,37393.57142857143,36635.42857142857,36256.07142857143,6018.8648945667,5727.705635467025
34391,37553.142857142855,36897.142857142855,36155.71428571428,5857.697682780918,5762.304444225104
36623,37777.71428571428,37266.28571428572,36006.46428571428,5673.178788953188,5751.566108668215
44471,37875.71428571428,37484.642857142855,35995.28571428572,5641.9212659721115,5749.996533700348
48827,37910.28571428572,37507.28571428572,36097.32142857143,5687.894183095799,5877.334650720573
35495,38117.142857142855,37767.357142857145,36269.46428571428,6100.975507478859,6180.3591618163655
31412,38042.142857142855,37774.28571428572,36210.46428571428,6134.189200119028,6179.55686102791
29947,37730.0,37561.78571428572,36236.0,6445.7625615593215,6157.367264475093
29369,37309.42857142857,37431.28571428572,36287.5,6894.540542031359,6096.035539290774
32999,36592.0,37184.857142857145,36307.53571428572,7484.855710032077,6071.414543105475
41982,36074.28571428572,36975.0,36303.25,7606.695312119998,6073.790528132287
44014,35718.71428571428,36814.5,36298.71428571428,7195.856926368234,6069.340191469598
32338,35031.142857142855,36574.142857142855,36307.82142857143,5836.05847093655,6081.128940349259
26841,34580.142857142855,36311.142857142855,36336.96428571428,5915.678586845041,6059.2601399116
31995,33927.142857142855,35828.57142857143,36232.0,6542.729538160936,6200.854690193018
29902,34219.71428571428,35764.57142857143,36330.857142857145,6378.82318598776,6106.3860847372625
32535,34295.857142857145,35443.92857142857,36355.107142857145,6314.12378266826,6078.397640577982
41531,34229.57142857143,35151.92857142857,36318.28571428572,6332.416307043787,6099.006961411323
42583,34165.142857142855,34941.92857142857,36224.607142857145,6242.043346762095,5993.425943786297
31899,33960.71428571428,34495.92857142857,36131.642857142855,5878.582956072693,5868.155696224509
30956,33898.0,34239.07142857143,36006.67857142857,5901.078404269268,5921.372363788212
35060,34485.857142857145,34206.5,35884.142857142855,5249.943505364949,5991.219326303528
33817,34923.71428571428,34571.71428571428,36001.5,5134.112702122445,5939.688996098217
44108,35483.0,34889.42857142857,36037.142857142855,4689.92320477281,5922.8546903110455
48419,37136.28571428572,35682.92857142857,36328.96428571428,5454.947653714167,6115.88654112078
41636,38120.28571428572,36142.71428571428,36478.607142857145,6828.214254456409,6362.625933203433
36215,37985.0,35972.857142857145,36273.5,6733.787591937626,6084.721129371673
33911,38601.57142857143,36249.78571428572,36280.46428571428,6264.925561067273,6084.53183008107
34149,39023.71428571428,36754.78571428572,36291.67857142857,5741.588331762246,6079.690245847201
34437,38893.57142857143,36908.642857142855,36336.607142857145,5855.599424401178,6058.239081273771
36853,38982.142857142855,37232.57142857143,36338.25,5770.078059222735,6057.698148728688
45272,37945.71428571428,37541.0,36346.46428571428,5330.76532073601,6058.254488144382
47180,37496.142857142855,37808.21428571428,36375.07142857143,4341.126982269726,6099.788320119347
34494,38288.142857142855,38136.57142857143,36316.25,5557.5792820427005,5982.06997262714
33597,38042.28571428572,38321.92857142857,36280.5,5700.798239845745,5990.145329962699
34690,37997.42857142857,38510.57142857143,36358.53571428572,5739.825225479204,5938.381376187241
31431,38074.71428571428,38484.142857142855,36527.92857142857,5682.728678909017,5815.085336965427
33059,37645.28571428572,38313.71428571428,36601.57142857143,6101.578257966952,5733.551167880934
42516,37103.28571428572,37524.5,36603.71428571428,6347.250000703326,5732.165920275334
44359,36709.57142857143,37102.857142857145,36622.78571428572,5819.6506440719795,5751.578162538364
33118,36306.57142857143,37297.357142857145,36635.107142857145,5015.92500133798,5768.343682544142
30227,36110.0,37076.142857142855,36662.96428571428,5124.58310499496,5748.672899877692
30382,35628.57142857143,36813.0,36783.892857142855,5541.362914697136,5567.154578346659
30658,35013.142857142855,36543.92857142857,36726.28571428572,5891.159292492743,5626.572174411544
34423,34902.71428571428,36274.0,36753.28571428572,5976.129006703394,5594.333421763691
43598,35097.57142857143,36100.42857142857,36820.71428571428,5928.037417142996,5552.831395597773
43406,35252.142857142855,35980.857142857145,36894.53571428572,6163.152911418278,5630.9610618577835
33444,35116.0,35711.28571428572,36923.92857142857,5934.749615611411,5663.806002958897
29750,35162.57142857143,35636.28571428572,36979.107142857145,5917.712335498751,5620.398044025015
28667,35094.42857142857,35361.5,36936.03571428572,5986.366116912169,5672.643348054997
30553,34849.42857142857,34931.28571428572,36707.71428571428,6241.048999891557,5875.963630078934
40976,34834.42857142857,34868.57142857143,36591.142857142855,6252.916728939176,5967.105512814234
47052,35770.57142857143,35434.07142857143,36479.28571428572,6658.439353110263,5849.168651641338
49102,36264.0,35758.07142857143,36430.46428571428,7419.642601455486,5750.69614776005
38169,37077.71428571428,36096.857142857145,36697.107142857145,8558.404654963158,6159.5548380471355
35089,37752.71428571428,36457.642857142855,36766.892857142855,8409.076360581766,6164.957140455285
35296,38515.42857142857,36804.92857142857,36808.96428571428,7780.908234414592,6148.744066170721
33321,39462.42857142857,37155.92857142857,36849.92857142857,6712.559245105215,6134.169966661667
37424,39857.857142857145,37346.142857142855,36810.07142857143,6158.941885004034,6154.022303601712
47269,39350.42857142857,37560.5,36830.46428571428,6197.666519401811,6155.1158034786495
38030,39381.42857142857,37822.71428571428,36901.78571428572,6242.986274135759,6267.104709023318
37192,37799.71428571428,37438.71428571428,36575.0,4540.069298820782,5941.409385110684
35033,37660.142857142855,37706.42857142857,36671.357142857145,4541.841749355679,5928.273386847655
33685,37652.142857142855,38083.78571428572,36722.642857142855,4547.17155414846,5906.864745953131
32054,37422.0,38442.21428571428,36686.75,4723.640333471609,5922.705666894692
37764,37241.0,38549.42857142857,36709.0,4926.874668590603,5903.368617750111
44336,37289.57142857143,38320.0,36877.03571428572,4930.653940981262,5862.446288040389
44493,36870.57142857143,38126.0,36942.03571428572,3972.8730937505875,5936.9009092357655
34296,37793.857142857145,37796.78571428572,36946.82142857143,4924.298103234977,5943.1518514921
30671,37380.142857142855,37520.142857142855,36988.892857142855,5101.746871695705,5919.164970758798
31158,36757.0,37204.57142857143,37004.75,5670.865542401772,5900.945973285082
30601,36396.0,36909.0,37032.46428571428,5971.483149101211,5870.433049091202
36267,36188.42857142857,36714.71428571428,37030.42857142857,6169.537066834701,5872.734850505207
39975,35974.57142857143,36632.07142857143,37096.28571428572,6131.649176122793,5852.717297734066
37426,35351.57142857143,36111.07142857143,36966.892857142855,5306.533201540087,5742.66685588888
37817,34342.0,36067.92857142857,36753.32142857143,3709.4173846215986,5603.8463381632655
30879,34845.0,36112.57142857143,36909.5,3934.0629972925317,5569.029328946514
30097,34874.71428571428,35815.857142857145,36949.82142857143,3897.901346206897,5519.136184783836
30216,34723.142857142855,35559.57142857143,37000.892857142855,4082.7601133126554,5445.781012852692
32925,34668.142857142855,35428.28571428572,36988.857142857145,4149.591965023801,5460.910673710309
40938,34190.71428571428,35082.642857142855,36701.32142857143,4127.172507269535,5455.151836523309
43463,34328.28571428572,34839.92857142857,36482.96428571428,4361.512341466147,5138.677827368816
38654,35190.71428571428,34766.357142857145,36281.57142857143,5519.321054691559,4719.178549270417
37424,35310.28571428572,35077.642857142855,36298.892857142855,5594.257761737615,4727.245994424111
37990,36245.28571428572,35560.0,36382.28571428572,5267.6091893218745,4725.70739252741
34922,37372.857142857145,36048.0,36478.5,4524.542865622656,4730.194213380264
39889,38045.142857142855,36356.642857142855,36535.67857142857,3522.5759716704815,4700.194046849786
47507,39040.0,36615.357142857145,36623.71428571428,2729.6828265080817,4740.36211975993
48426,39978.42857142857,37153.357142857145,36632.21428571428,4215.648580275734,4760.328609549902
39922,40687.42857142857,37939.07142857143,37003.5,5201.45197219464,5253.285952267979
38184,40868.57142857143,38089.42857142857,37101.0,5140.557293301397,5282.168795597598
35176,40977.142857142855,38611.21428571428,37213.53571428572,5063.12342428305,5270.030427083009
35585,40575.142857142855,38974.0,37266.78571428572,5437.6821173661565,5240.506586744649
40282,40669.857142857145,39357.5,37392.892857142855,5327.460728107125,5152.160764538559
44853,40726.0,39883.0,37482.82142857143,5319.925720032805,5180.773980884038
48981,40346.857142857145,40162.642857142855,37501.28571428572,4827.9322844108965,5206.958462851628
47580,40426.142857142855,40556.78571428572,37661.57142857143,4984.734209850813,5491.460214824927
31698,41520.142857142855,41194.357142857145,38136.0,5651.417386478403,5757.319006981275
31478,40593.57142857143,40785.357142857145,38172.67857142857,6720.193570057897,5711.085542875543
34425,40065.28571428572,40320.21428571428,38184.107142857145,7334.348089964218,5696.8308170828905
37829,39899.57142857143,40284.71428571428,38320.67857142857,7464.400017352197,5552.309896714442
44255,39549.142857142855,40137.57142857143,38376.46428571428,7500.944594484327,5538.742118742865
41413,39463.71428571428,39905.28571428572,38529.32142857143,7433.5738760994645,5642.578121374998
34846,38382.57142857143,39404.357142857145,38671.71428571428,6279.424359422931,5663.97039028368
33071,36563.42857142857,39041.78571428572,38565.607142857145,4853.464427847461,5708.231368687266
31622,36759.57142857143,38676.57142857143,38643.892857142855,4647.437640146165,5613.147993372553
32376,36780.142857142855,38422.71428571428,38698.357142857145,4620.402956040763,5533.986455526139
35945,36487.42857142857,38193.5,38775.5,4853.499522926457,5425.353216014436
42213,36218.28571428572,37883.71428571428,38883.357142857145,4818.818932556153,5333.986086542431
42946,35926.57142857143,37695.142857142855,38928.892857142855,4283.266621677975,5357.566164810017
33928,36145.57142857143,37264.07142857143,38910.42857142857,4635.263202060986,5342.230033932402
32179,36014.42857142857,36288.92857142857,38741.642857142855,4690.8126110920975,5424.6540918175315
38077,35887.0,36323.28571428572,38554.32142857143,4795.0566906624135,5560.692543157146
41844,36809.142857142855,36794.642857142855,38557.42857142857,4446.137928156325,5560.389837309685
54154,38161.71428571428,37324.57142857143,38804.642857142855,4310.834014986161,5546.631418252592
37489,40763.0,38490.642857142855,39314.107142857145,7245.369877836921,6259.26770263743
43532,40088.142857142855,38007.357142857145,38956.32142857143,7307.540156773483,6056.648914873801
41538,40171.857142857145,38158.71428571428,38781.53571428572,7348.975062972411,5839.988314816687
37355,41259.0,38636.71428571428,38839.25,6814.837293239895,5859.628623202287
36049,41998.42857142857,38942.71428571428,38809.642857142855,5882.453820675596,5865.1538025003065
38210,41708.71428571428,39258.92857142857,38840.82142857143,6151.559902829135,5847.415877839746
39895,41189.57142857143,39675.642857142855,38934.57142857143,6290.022121242041,5814.2316611503775
47405,39152.57142857143,39957.78571428572,38920.75,2643.8669190627043,5811.369237681111
49594,40569.142857142855,40328.642857142855,39011.892857142855,3941.8392250560373,5926.7211804722065
39058,41435.142857142855,40803.5,39033.78571428572,5174.430900384804,5965.912803755201
36831,41080.857142857145,41169.92857142857,38729.42857142857,5250.555698481549,5726.340040022766
38095,41006.0,41502.21428571428,38912.75,5315.85772320265,5573.011192344734
37478,41298.28571428572,41503.5,39149.07142857143,5047.344440868074,5383.127687359121
41847,41193.71428571428,41191.642857142855,39258.107142857145,5128.915470619675,5314.377642662934
45660,41472.57142857143,40312.57142857143,39401.607142857145,5099.516933237982,5328.587814722208
47784,41223.28571428572,40896.21428571428,39451.78571428572,4794.724243523136,5382.328618710308
37547,40964.71428571428,41199.92857142857,39679.32142857143,4290.345429538492,5598.628337657998
34138,40748.857142857145,40914.857142857145,39775.78571428572,4437.744075111856,5535.175425351723
33376,40364.142857142855,40685.07142857143,39813.892857142855,4924.07735616772,5490.80148193511
34195,39690.0,40494.142857142855,39876.53571428572,5567.511083659061,5403.1876906969555
38441,39221.0,40207.357142857145,39941.5,5912.492875259961,5319.960480916953
42624,38734.42857142857,40103.5,40030.642857142855,5799.435227018293,5271.202106303862
44192,38300.71428571428,39762.0,40045.32142857143,5285.974577889585,5278.0721091278265
36126,37787.57142857143,39376.142857142855,40089.82142857143,4293.027170390841,5308.598127381838
32955,37584.57142857143,39166.71428571428,40168.32142857143,4339.642376092833,5229.772582362175
31593,37415.57142857143,38889.857142857145,40196.03571428572,4515.697172351201,5187.75380267755
33587,37160.857142857145,38425.42857142857,39964.46428571428,4821.465386808261,5425.132594263807
41478,37074.0,38147.5,39669.57142857143,4888.805375549292,5542.329316629235
49150,37507.857142857145,38121.142857142855,39216.857142857145,5157.703152520848,4780.761296219277
51541,38440.142857142855,38370.42857142857,39633.32142857143,6619.313746619827,5120.506225361697
45257,39490.0,38638.78571428572,39919.357142857145,8100.669560803793,5551.8799699793435
37658,40794.42857142857,39189.5,40052.17857142857,8203.21217282479,5635.888592421794
38279,41466.28571428572,39440.92857142857,40063.0,7626.45548325663,5630.806553633686
37798,42421.42857142857,39791.142857142855,40142.642857142855,6522.625669088143,5587.533685136879
40137,43023.0,40048.5,40127.92857142857,5716.403589670689,5593.351085447703
48104,42831.42857142857,40169.642857142855,40136.57142857143,5798.687979682493,5593.164799663076
51961,42682.0,40561.07142857143,40161.53571428572,5619.431406586727,5628.2577758369835
38324,42742.0,41116.0,40246.07142857143,5730.922206184034,5790.613700787306
36449,41751.57142857143,41273.0,40219.857142857145,5822.194227183384,5797.84823887775
37351,41578.857142857145,41522.57142857143,40206.21428571428,5979.6711010046665,5806.560761613237
36055,41446.28571428572,41933.857142857145,40179.642857142855,6074.557479473583,5818.270222862033
40762,41197.28571428572,42110.142857142855,40128.82142857143,6281.23471711004,5848.876853585851
48436,41286.57142857143,42059.0,40090.07142857143,6268.079473468262,5840.660369364424
50540,41334.0,42008.0,40189.21428571428,6329.220225799269,5961.029816306835
39112,41131.0,41936.5,40287.642857142855,5942.544572823992,6111.92335136082
35245,41243.57142857143,41497.57142857143,40343.53571428572,5887.719163851214,6093.058986542941
33707,41071.57142857143,41325.21428571428,40383.07142857143,6066.015684591836,6054.773317031327
32516,40551.0,40998.642857142855,40394.892857142855,6573.641507312863,6040.893129571957
36963,40045.42857142857,40621.357142857145,40334.92857142857,7092.655446707821,6112.622416731089
45080,39502.71428571428,40394.642857142855,40282.142857142855,7173.570559451437,6135.920485229402
47596,39023.28571428572,40178.642857142855,40369.857142857145,6563.208659242956,6187.971478269162
35093,38602.71428571428,39866.857142857145,40491.42857142857,5745.6187283379995,6298.298691084444
31295,38028.57142857143,39636.07142857143,40454.53571428572,5885.34974483653,6327.77313519762
31967,37464.28571428572,39267.92857142857,40395.25,6366.420179721228,6407.908572109791
32076,37215.71428571428,38883.357142857145,40408.607142857145,6568.336616279777,6389.243532220445
36251,37152.857142857145,38599.142857142855,40354.642857142855,6622.687858882545,6455.035836112939
45236,37051.142857142855,38276.92857142857,40167.96428571428,6631.551438101816,6496.792231168636
48517,37073.42857142857,38048.357142857145,40028.17857142857,6663.216311890782,6336.505784698962
35885,37205.0,37903.857142857145,39920.17857142857,6910.141701393185,6156.21844637789
37955,37318.142857142855,37673.357142857145,39585.46428571428,6876.198039337598,6109.912259066545
36590,38269.57142857143,37866.92857142857,39596.07142857143,6344.070981558085,6106.699101858098
39619,38930.0,38072.857142857145,39535.75,5795.527183383153,6128.49386744679
39270,40007.57142857143,38580.21428571428,39600.78571428572,4948.031522977665,6119.024755006352
47487,40438.857142857145,38745.0,39569.82142857143,4690.917231863103,6118.404458278233
45248,40760.42857142857,38916.92857142857,39547.78571428572,5131.083506666079,6087.563189159531
45762,40293.42857142857,38749.21428571428,39308.03571428572,4404.834119356521,5700.463278652833
36169,41704.42857142857,39511.28571428572,39573.67857142857,4338.777971470077,5824.857588807968
38102,41449.28571428572,39859.42857142857,39563.67857142857,4638.193531763735,5830.658117060364
35693,41665.28571428572,40297.642857142855,39590.5,4403.44765361131,5821.8232952813905
40286,41104.42857142857,40556.0,39577.57142857143,4926.477675349194,5830.361086769497
50103,41249.57142857143,40844.21428571428,39560.57142857143,4878.154120058871,5827.472893805849
51340,41623.28571428572,41191.857142857145,39620.107142857145,5496.640965604505,5929.1346276281565
38071,42493.57142857143,41393.5,39648.67857142857,6547.933181728465,5985.365430556532
37425,41394.857142857145,41549.642857142855,39611.5,6553.356326559458,5992.051911583435
33645,41574.28571428572,41511.78571428572,39689.357142857145,6401.870760808512,5947.209916729894
33998,40937.57142857143,41301.42857142857,39687.142857142855,6998.603000055132,5949.5308729735325
38689,40695.42857142857,40899.92857142857,39740.07142857143,7235.610475445779,5889.662607003751
48279,40467.28571428572,40858.42857142857,39801.71428571428,7275.737458940387,5868.514928915072
49979,40206.71428571428,40915.0,39915.96428571428,6895.877288019874,6004.640825488341
36145,40012.28571428572,41252.92857142857,40001.07142857143,6539.643739386344,6133.04086819947
33518,39737.142857142855,40566.0,40038.642857142855,6674.067036636925,6105.018380257348
33497,39179.0,40376.642857142855,40118.03571428572,7052.305698611375,6000.662731807138
32967,39157.857142857145,40047.71428571428,40172.67857142857,7071.856579158707,5930.242216360866
38680,39010.57142857143,39853.0,40204.5,7206.682867476601,5887.422598374563
46636,39009.28571428572,39738.28571428572,40291.25,7206.7506019075645,5844.751787176539
47613,38774.57142857143,39490.642857142855,40341.25,6873.585402518404,5894.39669029768
34262,38436.57142857143,39224.42857142857,40308.96428571428,6261.734979411121,5850.267189100176
30615,38167.57142857143,38952.357142857145,40251.0,6415.153540826658,5903.52107110974
31270,37752.857142857145,38465.92857142857,39988.857142857145,6845.242567617577,6166.363053872918
37677,37434.71428571428,38296.28571428572,39798.857142857145,7122.156595542424,6354.072300001818
44376,38107.57142857143,38559.07142857143,39729.5,6846.894207282169,6366.6945229175035
54687,38921.28571428572,38965.28571428572,39911.857142857145,7252.704868168958,6425.894615418559
52895,40071.42857142857,39423.0,40169.0,9086.542225678992,6869.0338745976505
42474,40826.0,39631.28571428572,40442.107142857145,9991.450812236077,7221.429777068523
38855,41999.142857142855,40083.357142857145,40324.67857142857,9565.306188313578,7158.174607235535
35887,43176.28571428572,40464.57142857143,40420.607142857145,8362.19432354698,7118.307504515075
37819,43835.857142857145,40635.28571428572,40341.5,7392.412426007485,7157.23042596576
43595,43856.142857142855,40981.857142857145,40417.42857142857,7372.863948936207,7117.255007835571
48787,43744.57142857143,41332.92857142857,40535.607142857145,7369.594558208773,7142.419557561923
49704,42901.71428571428,41486.57142857143,40488.607142857145,6145.215339711706,7081.198027637232
42240,42445.857142857145,41635.92857142857,40430.17857142857,5346.848306200893,6994.564074805557
35681,42412.42857142857,42205.78571428572,40579.07142857143,5347.37449150333,6986.852769619401
34248,41959.0,42567.642857142855,40516.78571428572,5813.549317470891,7023.688291178638
36353,41724.857142857145,42780.357142857145,40538.32142857143,6123.59794643014,7002.7311447355605
38422,41515.42857142857,42685.78571428572,40622.42857142857,6301.915287094386,6935.0842149740865
47813,40776.42857142857,42260.5,40612.892857142855,6320.688961844324,6938.024072106694
48964,40637.28571428572,41769.5,40596.25,6122.57042192479,6919.487765375762
35302,40531.57142857143,41488.71428571428,40560.0,5943.705994779746,6871.001447306539
33104,39540.42857142857,40976.42857142857,40529.892857142855,6184.91425047382,6892.875556147765
32411,39172.28571428572,40565.642857142855,40515.107142857145,6520.515130833489,6908.899051166258
32770,38909.857142857145,40317.357142857145,40476.32142857143,6783.399084740413,6952.6667628384885
38021,38398.0,39956.71428571428,40469.28571428572,7134.579665264099,6960.642328050429
45006,38340.71428571428,39558.57142857143,40445.75,7135.964585914687,6968.026643573861
46179,37939.71428571428,39288.5,40387.53571428572,6571.50633960195,6921.045384976112
35092,37541.857142857145,39036.71428571428,40336.32142857143,5835.9674270444575,6870.720896208602
32319,37511.857142857145,38526.142857142855,40365.96428571428,5849.923572964342,6845.286767156131
31267,37399.71428571428,38286.0,40426.82142857143,5955.084150379014,6762.459842030785
33232,37236.28571428572,38073.07142857143,40426.71428571428,6127.99743565781,6762.610315973703
40514,37302.28571428572,37850.142857142855,40267.96428571428,6074.128461880658,6880.691166198555
42743,37658.42857142857,37999.57142857143,40130.03571428572,6195.171691383086,6833.8414200383995
46994,37335.142857142855,37637.42857142857,39703.46428571428,5793.895909448488,6238.366639755169
36457,37451.57142857143,37496.71428571428,39492.71428571428,6005.5557849140305,5864.698393666707
37997,37646.57142857143,37579.21428571428,39277.82142857143,5937.951691089644,5861.648870876635
32102,38457.71428571428,37928.71428571428,39247.17857142857,5457.254123772189,5866.18203840211
34675,38577.0,37906.642857142855,39112.0,5280.133584168742,5988.809323322182
39621,38783.142857142855,38042.71428571428,38999.71428571428,5060.269736834567,6043.177039451873
47341,38655.57142857143,38157.0,38857.78571428572,5020.461395036077,5977.5661364257185
48411,39312.42857142857,38323.78571428572,38806.142857142855,5872.812553258803,5894.272076530644
36915,39514.857142857145,38483.21428571428,38759.96428571428,6197.179262335702,5810.19618131294
33374,39580.28571428572,38613.42857142857,38569.78571428572,6161.831240637404,5779.13486641663
33338,38919.857142857145,38688.78571428572,38487.392857142855,6592.508536932185,5837.991221868469
33242,39096.42857142857,38836.71428571428,38454.892857142855,6393.000387328383,5864.936742036932
36195,38891.71428571428,38837.42857142857,38343.78571428572,6578.43283551854,5935.276475554393
47342,38402.28571428572,38528.92857142857,38264.25,6642.267426973153,5949.094924159994
49755,38402.42857142857,38857.42857142857,38247.42857142857,6642.491722668103,5921.698069958106
35735,38594.42857142857,39054.642857142855,38275.67857142857,6990.320756997796,5976.350515611452
29174,38425.857142857145,39003.07142857143,38291.142857142855,7051.529891415322,5968.926497653583
32160,37825.857142857145,38372.857142857145,38150.78571428572,7701.7318707887935,6139.195552061732
32365,37657.57142857143,38377.0,38141.82142857143,7827.972041704948,6148.063887072363
38357,37532.28571428572,38212.0,38127.357142857145,7916.933785969707,6161.631459126289
42793,37841.142857142855,38121.71428571428,38139.357142857145,7898.218310238741,6161.743838150337
44925,37191.28571428572,37796.857142857145,38060.32142857143,7136.636899695496,6084.108182333557
35140,36501.28571428572,37547.857142857145,38015.53571428572,5834.098579737525,6026.474809397812
34222,36416.28571428572,37421.07142857143,38017.25,5851.432409085439,6025.619148300852
40124,37137.42857142857,37481.642857142855,38085.21428571428,5068.849733326855,5969.43715540925
23631,38275.142857142855,37966.357142857145,38401.53571428572,4641.183090138814,5827.742720891084
27581,37027.42857142857,37279.857142857145,38058.642857142855,7045.886243218881,6397.749350874358
34212,35488.0,36664.57142857143,37596.75,7839.48816356444,6674.775272260832
37782,34262.142857142855,35726.71428571428,37292.07142857143,7147.16166107387,6625.69158893964
32016,33241.71428571428,34871.5,36963.07142857143,5743.046076612631,6349.033661838065
34818,32795.42857142857,34605.857142857145,36804.46428571428,5692.102126547639,6417.248749830038
33732,32880.57142857143,35009.0,36690.92857142857,5721.379549757337,6423.4874854855825
38029,31967.428571428572,35121.28571428572,36749.142857142855,4810.1622930744115,6387.645115923672
38187,34024.28571428572,35525.857142857145,36868.92857142857,3569.732609700945,6378.750829343984
47025,35539.42857142857,35513.71428571428,36817.71428571428,2456.304803096422,6361.5699544777235
48415,37369.857142857145,35816.0,36806.42857142857,4880.293755795571,6342.461331017254
35408,38888.857142857145,36065.28571428572,36806.57142857143,6436.580288439177,6342.73243156387
32913,39373.42857142857,36084.42857142857,36752.75,5941.575684870768,6348.169795303164
33690,39101.28571428572,35990.92857142857,36736.28571428572,6222.01341245435,6357.847736559067
32159,39095.28571428572,35531.357142857145,36748.857142857145,6228.071363171895,6351.223963196955
36343,38256.71428571428,36140.5,36710.17857142857,6767.396316513604,6376.618429587916
45975,37993.28571428572,36766.357142857145,36715.46428571428,6806.340150043578,6376.236899510294
45133,37843.28571428572,37606.57142857143,36666.642857142855,6581.995612129748,6296.594377646789
37522,37374.42857142857,38131.642857142855,36501.57142857143,5770.268620470021,5994.08001422492
36130,37676.42857142857,38524.92857142857,36565.392857142855,5705.151293849648,5995.129086672981
34123,38136.0,38618.642857142855,36813.82142857143,5377.65835037271,5819.034138090612
35454,38197.857142857145,38646.57142857143,36883.92857142857,5320.177391421312,5772.527913594435
34756,38668.57142857143,38462.642857142855,36994.25,4818.98463915179,5712.168029903468
43488,38441.857142857145,38217.57142857143,36865.642857142855,4981.228343443391,5720.8807869798675
43011,38086.57142857143,37964.92857142857,36890.46428571428,4410.357803215172,5748.989215390533
35522,37783.42857142857,37578.92857142857,36822.107142857145,3887.20353026624,5660.617806481692
36612,37497.71428571428,37587.07142857143,36835.75,3981.967550273185,5656.872644878067
38752,37566.57142857143,37851.28571428572,36921.107142857145,3958.4730160817912,5633.957857158925
36227,38227.857142857145,38212.857142857145,36872.107142857145,3662.9454645394962,5610.989246240629
14,38338.28571428572,38503.42857142857,37321.96428571428,3576.0033889938104,4979.473618485713
38377,33375.142857142855,35908.5,36337.42857142857,15056.645248622206,8475.075375731947
35378,32645.0,35365.78571428572,36486.17857142857,14601.554323655659,8472.940003343818
29964,31554.571428571428,34669.0,36400.32142857143,13969.75556761994,8471.502857854342
31893,30760.571428571428,34129.142857142855,36327.03571428572,13864.227347832324,8519.575095830276
34127,30086.428571428572,33826.5,36222.57142857143,13645.284275249887,8556.61589574412
43059,29425.714285714286,33826.78571428572,36236.67857142857,13262.358911775946,8552.682364825509
32651,30401.714285714286,34370.0,36416.32142857143,14072.91691766243,8644.060671516398
44737,35064.142857142855,34219.642857142855,36218.607142857145,4430.206331860571,8665.346029034816
44340,35972.71428571428,34308.857142857145,36136.892857142855,5694.602670198231,8569.930024085625
36693,37253.0,34403.78571428572,35991.357142857145,6490.4399183209025,8386.333482227596
35306,38214.28571428572,34487.42857142857,36037.25,5678.474698786807,8386.53889509184
32685,38701.857142857145,34394.142857142855,36122.71428571428,5168.910924252526,8365.688760279205
35944,38495.857142857145,33960.78571428572,36086.82142857143,5404.9674815109165,8378.658772069813
38936,37479.42857142857,33940.57142857143,36222.0,5061.9471502951355,8343.4003237866
52880,38377.28571428572,36720.71428571428,36314.607142857145,4598.998068937976,8359.168633743064
47369,39540.57142857143,37756.642857142855,36561.21428571428,6919.956884671621,8747.550206717708
37986,39973.28571428572,38613.142857142855,36641.07142857143,7351.348033167914,8838.435205600439
35122,40158.0,39186.142857142855,36657.642857142855,7270.993765183213,8840.582778738302
32231,40131.71428571428,39416.78571428572,36621.642857142855,7291.7608461944965,8844.862305375791
35856,40066.857142857145,39281.357142857145,36554.07142857143,7370.628024543791,8871.843918443723
41790,40054.28571428572,38766.857142857145,36568.42857142857,7378.902418704406,8870.322902922744
51146,40462.0,39419.642857142855,36819.642857142855,7385.658738392928,8916.575983814171
45533,40214.28571428572,39877.42857142857,37093.142857142855,6913.746276182575,9240.2639360824
38340,39952.0,39962.642857142855,37183.21428571428,6625.915710299962,9312.098643032383
31988,40002.57142857143,40080.28571428572,37283.857142857145,6609.740788087996,9308.707193185583
32684,39554.857142857145,39843.28571428572,37118.71428571428,7084.516930804599,9361.932155977263
31779,39619.57142857143,39843.21428571428,36902.0,7008.123378317062,9392.904997725447
36307,39037.142857142855,39545.71428571428,36743.142857142855,7523.499727045722,9442.227537383551
48927,38253.857142857145,39357.92857142857,38039.32142857143,7474.389505249938,6120.1577082897165
47832,37936.857142857145,39075.57142857143,38416.107142857145,6858.136273278412,6457.190504415747
34389,38265.28571428572,39108.642857142855,38860.892857142855,7321.903297965759,6665.730297236912
30446,37700.857142857145,38851.71428571428,39018.92857142857,7466.0515988165025,6497.312110509631
31349,37480.57142857143,38517.71428571428,38967.25,7682.318375272377,6561.527072852569
32466,37289.857142857145,38454.71428571428,38868.03571428572,7836.2678282579445,6657.7226363359705
37639,37388.0,38212.57142857143,38489.71428571428,7759.673403780171,6711.506508902978
49104,37578.28571428572,37916.07142857143,38667.857142857145,7745.064745033569,6616.313126375051
50831,37603.57142857143,37770.21428571428,38823.82142857143,7788.45797440338,6813.218824073422
41714,38032.0,38148.642857142855,39055.642857142855,8495.290106876866,7111.748309373193
34928,39078.42857142857,38389.642857142855,39234.96428571428,8422.591740019667,7113.2699074655175
39340,39718.71428571428,38599.642857142855,39221.46428571428,7804.675771917866,7121.356807270261
35424,40860.28571428572,39075.07142857143,39459.142857142855,6909.495802017323,7005.229394368491
40193,41282.857142857145,39335.42857142857,39440.57142857143,6380.778385865125,7015.57510870061
55040,41647.71428571428,39613.0,39485.46428571428,6208.38472589784,7016.248514761927
46893,42495.71428571428,40049.642857142855,39562.607142857145,7637.491270355833,7178.962146899316
36804,41933.142857142855,39982.57142857143,39545.607142857145,7043.097860756313,7160.331129003994
38513,41231.71428571428,40155.07142857143,39503.392857142855,7308.071262065546,7173.338931943699
39353,41743.857142857145,40731.28571428572,39624.5,6907.31490109267,7125.091211891765
44584,41745.71428571428,41303.0,39878.857142857145,6906.562572758483,6976.9602513706395
44222,43054.28571428572,42168.57142857143,40190.57142857143,6354.905184561098,6985.539706759137
53715,43629.857142857145,42638.78571428572,40277.42857142857,6233.866414689206,7021.191897489713
48337,43440.57142857143,42968.142857142855,40369.17857142857,5837.158065849672,7183.389889200229
46152,43646.857142857145,42790.0,40469.32142857143,6002.671056248493,7276.9798479638175
37702,44982.28571428572,43107.0,40748.32142857143,5214.719861900038,7341.785639361734
36545,44866.42857142857,43305.142857142855,40952.392857142855,5388.518066442802,7166.588683499645
36436,44465.28571428572,43105.5,41090.28571428572,5943.324426454841,7037.5874646608045
40392,43301.28571428572,43177.78571428572,41256.607142857145,6669.703834361375,6862.226133450671
50857,42754.142857142855,43192.0,41402.5,6738.327770512262,6796.205218382533
52081,42345.857142857145,42893.21428571428,41471.42857142857,6010.8151257703885,6884.559704733624
37328,42880.71428571428,43263.78571428572,41623.17857142857,6753.469471668729,7074.169848187482
33981,41620.142857142855,43301.21428571428,41728.142857142855,6863.722785499873,6984.086311642005
34068,41088.57142857143,42977.5,41854.392857142855,7344.962283931798,6802.169165675405
34615,40734.71428571428,42600.0,41951.5,7653.525368836785,6664.658711497564
37649,40474.57142857143,41887.92857142857,42028.25,7852.3557156890165,6562.976490637941
47887,40082.71428571428,41418.42857142857,42028.607142857145,7925.266698231355,6562.729058234736
50915,39658.42857142857,41002.142857142855,41985.142857142855,7307.765592325786,6518.0115958795905
37259,39491.857142857145,41186.28571428572,41988.142857142855,6983.510636458108,6522.2517624597795
36536,39482.0,40551.07142857143,41829.03571428572,6987.121701148934,6583.240654662062
38458,39847.0,40467.78571428572,41886.46428571428,6713.22771350213,6527.588576825787
41459,40474.142857142855,40604.42857142857,41854.96428571428,6274.072054324593,6542.443322513884
39325,41451.857142857145,40963.21428571428,42070.5,5717.411897836594,6421.015764226412
52322,41691.28571428572,40887.0,42039.5,5564.669942721509,6432.500893178359
57218,42324.857142857145,40991.642857142855,41942.42857142857,6552.463033815865,6246.8771305026885
40562,43225.28571428572,41358.57142857143,42311.17857142857,8164.43894202748,6827.670759780961
37727,43697.142857142855,41589.57142857143,42445.392857142855,7851.606638741103,6751.920463916757
37032,43867.28571428572,41857.142857142855,42417.32142857143,7681.626991601113,6770.483494161158
38267,43663.57142857143,42068.857142857145,42334.42857142857,7865.6915537699015,6823.3919252142505
40887,43207.57142857143,42329.71428571428,42108.82142857143,8103.722577867977,6850.635364172931
52711,43430.71428571428,42561.0,41989.71428571428,7999.833950657652,6841.5198487813705
51421,43486.28571428572,42905.57142857143,41953.857142857145,8072.909259044194,6780.146058266606
42035,42658.142857142855,42941.71428571428,42064.0,6590.778315914095,6911.458215649307
40117,42868.57142857143,43282.857142857145,41916.96428571428,6535.98607345369,6864.904377322963
36606,43210.0,43538.642857142855,42003.21428571428,6280.04854015208,6825.041800751861
35009,43149.142857142855,43406.357142857145,42005.392857142855,6351.551842622669,6823.2444945597035
39652,42683.71428571428,42945.642857142855,41954.42857142857,6867.356422823477,6871.542543027333
46181,42507.28571428572,42969.0,41928.0,6936.72263426768,6879.193142825393
47825,41574.42857142857,42530.357142857145,41761.0,5656.818300574447,6709.057255625327
37360,41060.71428571428,41859.42857142857,41609.0,4695.120116116478,6511.90338562415
35475,40392.857142857145,41630.71428571428,41610.142857142855,4862.933594329339,6511.126993046311
34786,39729.71428571428,41469.857142857145,41663.5,5210.880466686505,6452.14681183566
34003,39469.71428571428,41309.42857142857,41689.142857142855,5433.371749791129,6422.199154404631
45611,39326.0,41004.857142857145,41667.28571428572,5582.28728509498,6448.1557849089395
53863,40177.28571428572,41342.28571428572,41951.642857142855,6073.078920237107,6439.943243448314
46360,41274.71428571428,41424.57142857143,42165.07142857143,7790.137669179001,6736.14896536571
36041,41065.42857142857,41063.07142857143,42002.392857142855,7602.24477500214,6569.962942221892
33857,40877.0,40634.92857142857,41958.892857142855,7724.75348042467,6606.463161678372
32359,40645.857142857145,40187.78571428572,41863.21428571428,7934.688660738799,6706.550630524456
34681,40299.142857142855,39884.42857142857,41645.392857142855,8278.972408630005,6916.9873785848595
45536,40396.0,39861.0,41403.32142857143,8196.592279722088,7041.239774324078
52672,40385.28571428572,40281.28571428572,41625.142857142855,8188.684483568061,7071.1108494707005
56425,40215.142857142855,40744.92857142857,41637.642857142855,7868.070992489639,7091.002014625873
40418,41653.0,41359.21428571428,41609.32142857143,9848.582080685508,7027.771107876849
39683,42278.28571428572,41577.642857142855,41604.17857142857,9567.838657263626,7028.618551657829
39134,43110.57142857143,41878.21428571428,41674.03571428572,8946.412481308578,6998.3111691964
38116,44078.42857142857,42188.78571428572,41749.107142857145,7893.978482724276,6957.8284838243235
43220,44569.142857142855,42482.57142857143,41743.71428571428,7296.604973743384,6960.685278402779
56340,44238.28571428572,42311.78571428572,41827.03571428572,7297.965166498682,6964.012888930878
53856,44762.28571428572,42488.71428571428,41956.642857142855,8092.833181572536,7203.7206138591555
42427,44395.28571428572,43024.142857142855,42043.607142857145,7513.294943282972,7335.696171559194
39069,44682.28571428572,43480.28571428572,42057.607142857145,7373.108451534861,7336.053189249809
35193,44594.57142857143,43852.57142857143,42020.17857142857,7445.78887374471,7348.982933176268
37529,44031.57142857143,44055.0,41969.71428571428,8051.82747077005,7392.262184990454
41789,43947.71428571428,44258.42857142857,42059.71428571428,8126.415563134924,7319.358365205691
48362,43743.28571428572,43990.78571428572,42136.03571428572,8165.6773696222845,7304.448885247635
51640,42603.57142857143,43682.92857142857,42213.92857142857,6501.697108118306,7360.594017537236
38059,42287.0,43341.142857142855,42350.17857142857,5887.426744059439,7502.252012777709
37570,41663.0,43172.642857142855,42375.142857142855,6097.834506336358,7486.177592189396
35343,41448.857142857145,43021.71428571428,42449.96428571428,6229.022486944228,7424.877499835658
35033,41470.28571428572,42750.92857142857,42469.857142857145,6204.1230300041825,7404.301231012715
40517,41113.71428571428,42530.71428571428,42506.642857142855,6531.484867273927,7363.122718250786
48962,40932.0,42337.642857142855,42324.71428571428,6527.259302341201,7346.491875603385
49795,41017.71428571428,41810.642857142855,42149.67857142857,6643.985443348617,7116.176491334357
